rank,image_name,score,label_idx,label_name,wnid
1,imagenet_random_00753_n02795169_c0427.JPEG,0.9896543026,427,barrel,n02795169
2,imagenet_random_03794_n02795169_c0427.JPEG,0.9799538851,427,barrel,n02795169
3,imagenet_random_02818_n02951585_c0473.JPEG,0.9770187736,473,can opener,n02951585
4,imagenet_random_00210_n02692877_c0405.JPEG,0.9713835716,405,airship,n02692877
5,imagenet_random_00371_n02791124_c0423.JPEG,0.9708761573,423,barber chair,n02791124
6,imagenet_random_03636_n02971356_c0478.JPEG,0.9707372785,478,carton,n02971356
7,imagenet_random_04138_n02951585_c0473.JPEG,0.9586048126,473,can opener,n02951585
8,imagenet_random_03978_n02906734_c0462.JPEG,0.9579345584,462,broom,n02906734
9,imagenet_random_02265_n02817516_c0439.JPEG,0.9574432969,439,bearskin,n02817516
10,imagenet_random_04447_n03047690_c0502.JPEG,0.9572362900,502,clog,n03047690
11,imagenet_random_04169_n03041632_c0499.JPEG,0.9565795660,499,cleaver,n03041632
12,imagenet_random_03631_n02966193_c0476.JPEG,0.9554824829,476,carousel,n02966193
13,imagenet_random_01606_n02817516_c0439.JPEG,0.9554365873,439,bearskin,n02817516
14,imagenet_random_02966_n02951585_c0473.JPEG,0.9554210305,473,can opener,n02951585
15,imagenet_random_02933_n02951585_c0473.JPEG,0.9531077147,473,can opener,n02951585
16,imagenet_random_00853_n02791124_c0423.JPEG,0.9443001151,423,barber chair,n02791124
17,imagenet_random_01764_n02730930_c0411.JPEG,0.9439399242,411,apron,n02730930
18,imagenet_random_04016_n02951585_c0473.JPEG,0.9389437437,473,can opener,n02951585
19,imagenet_random_01535_n02795169_c0427.JPEG,0.9381934404,427,barrel,n02795169
20,imagenet_random_02766_n02951585_c0473.JPEG,0.9377543330,473,can opener,n02951585
21,imagenet_random_02340_n02916936_c0465.JPEG,0.9278767705,465,bulletproof vest,n02916936
22,imagenet_random_00966_n02747177_c0412.JPEG,0.9273260236,412,ashcan,n02747177
23,imagenet_random_01203_n02787622_c0420.JPEG,0.9260967970,420,banjo,n02787622
24,imagenet_random_04797_n03063599_c0504.JPEG,0.9251236916,504,coffee mug,n03063599
25,imagenet_random_00164_n02704792_c0408.JPEG,0.9251016378,408,amphibian,n02704792
26,imagenet_random_04180_n02971356_c0478.JPEG,0.9244350195,478,carton,n02971356
27,imagenet_random_02539_n02865351_c0451.JPEG,0.9236488938,451,bolo tie,n02865351
28,imagenet_random_00854_n02799071_c0429.JPEG,0.9230493903,429,baseball,n02799071
29,imagenet_random_02220_n02783161_c0418.JPEG,0.9230344296,418,ballpoint,n02783161
30,imagenet_random_04182_n02951585_c0473.JPEG,0.9206901789,473,can opener,n02951585
31,imagenet_random_03059_n02869837_c0452.JPEG,0.9177466035,452,bonnet,n02869837
32,imagenet_random_02429_n02910353_c0464.JPEG,0.9175785780,464,buckle,n02910353
33,imagenet_random_04767_n03047690_c0502.JPEG,0.9166277647,502,clog,n03047690
34,imagenet_random_00463_n02704792_c0408.JPEG,0.9150879979,408,amphibian,n02704792
35,imagenet_random_02036_n02730930_c0411.JPEG,0.9141277075,411,apron,n02730930
36,imagenet_random_00555_n02727426_c0410.JPEG,0.9140514731,410,apiary,n02727426
37,imagenet_random_01167_n02704792_c0408.JPEG,0.9102038741,408,amphibian,n02704792
38,imagenet_random_01652_n02859443_c0449.JPEG,0.9101887345,449,boathouse,n02859443
39,imagenet_random_04827_n03089624_c0509.JPEG,0.9098708630,509,confectionery,n03089624
40,imagenet_random_02545_n02894605_c0460.JPEG,0.9088032246,460,breakwater,n02894605
41,imagenet_random_00899_n02808304_c0434.JPEG,0.9086583853,434,bath towel,n02808304
42,imagenet_random_02500_n02927161_c0467.JPEG,0.9030053616,467,butcher shop,n02927161
43,imagenet_random_00510_n02786058_c0419.JPEG,0.9008411765,419,Band Aid,n02786058
44,imagenet_random_00615_n02747177_c0412.JPEG,0.9003677368,412,ashcan,n02747177
45,imagenet_random_02286_n02783161_c0418.JPEG,0.8991610408,418,ballpoint,n02783161
46,imagenet_random_02815_n02950826_c0471.JPEG,0.8978546858,471,cannon,n02950826
47,imagenet_random_03954_n03026506_c0496.JPEG,0.8954263330,496,Christmas stocking,n03026506
48,imagenet_random_03269_n02951585_c0473.JPEG,0.8950595260,473,can opener,n02951585
49,imagenet_random_01055_n02786058_c0419.JPEG,0.8950448036,419,Band Aid,n02786058
50,imagenet_random_03662_n02966193_c0476.JPEG,0.8924527764,476,carousel,n02966193
51,imagenet_random_00598_n02791270_c0424.JPEG,0.8918509483,424,barbershop,n02791270
52,imagenet_random_00739_n02788148_c0421.JPEG,0.8900055885,421,bannister,n02788148
53,imagenet_random_03782_n02951358_c0472.JPEG,0.8889274001,472,canoe,n02951358
54,imagenet_random_03171_n02910353_c0464.JPEG,0.8887332082,464,buckle,n02910353
55,imagenet_random_04853_n03063689_c0505.JPEG,0.8883476257,505,coffeepot,n03063689
56,imagenet_random_02840_n02892767_c0459.JPEG,0.8871281147,459,brassiere,n02892767
57,imagenet_random_02397_n02910353_c0464.JPEG,0.8840067387,464,buckle,n02910353
58,imagenet_random_02488_n02894605_c0460.JPEG,0.8833394051,460,breakwater,n02894605
59,imagenet_random_03177_n02916936_c0465.JPEG,0.8831277490,465,bulletproof vest,n02916936
60,imagenet_random_03534_n02808304_c0434.JPEG,0.8829471469,434,bath towel,n02808304
61,imagenet_random_04457_n03062245_c0503.JPEG,0.8815515041,503,cocktail shaker,n03062245
62,imagenet_random_00394_n02791270_c0424.JPEG,0.8803044558,424,barbershop,n02791270
63,imagenet_random_04887_n03125729_c0516.JPEG,0.8800847530,516,cradle,n03125729
64,imagenet_random_00275_n02708093_c0409.JPEG,0.8788449168,409,analog clock,n02708093
65,imagenet_random_00748_n02797295_c0428.JPEG,0.8775333166,428,barrow,n02797295
66,imagenet_random_01102_n02814533_c0436.JPEG,0.8745450377,436,beach wagon,n02814533
67,imagenet_random_01357_n02817516_c0439.JPEG,0.8737701774,439,bearskin,n02817516
68,imagenet_random_01627_n02791270_c0424.JPEG,0.8718755841,424,barbershop,n02791270
69,imagenet_random_02704_n02672831_c0401.JPEG,0.8717331886,401,accordion,n02672831
70,imagenet_random_02171_n02788148_c0421.JPEG,0.8706709146,421,bannister,n02788148
71,imagenet_random_04184_n03000134_c0489.JPEG,0.8699962497,489,chainlink fence,n03000134
72,imagenet_random_01413_n02776631_c0415.JPEG,0.8677306175,415,bakery,n02776631
73,imagenet_random_03609_n02906734_c0462.JPEG,0.8676315546,462,broom,n02906734
74,imagenet_random_00145_n02782093_c0417.JPEG,0.8672720194,417,balloon,n02782093
75,imagenet_random_01767_n02860847_c0450.JPEG,0.8670260310,450,bobsled,n02860847
76,imagenet_random_00627_n02795169_c0427.JPEG,0.8666282892,427,barrel,n02795169
77,imagenet_random_03322_n02951585_c0473.JPEG,0.8665744662,473,can opener,n02951585
78,imagenet_random_00847_n02804414_c0431.JPEG,0.8654903769,431,bassinet,n02804414
79,imagenet_random_03008_n02788148_c0421.JPEG,0.8650479913,421,bannister,n02788148
80,imagenet_random_02151_n02860847_c0450.JPEG,0.8639789224,450,bobsled,n02860847
81,imagenet_random_04148_n02966193_c0476.JPEG,0.8619768023,476,carousel,n02966193
82,imagenet_random_03189_n02965783_c0475.JPEG,0.8584829569,475,car mirror,n02965783
83,imagenet_random_04094_n03026506_c0496.JPEG,0.8575702310,496,Christmas stocking,n03026506
84,imagenet_random_03715_n02966193_c0476.JPEG,0.8565833569,476,carousel,n02966193
85,imagenet_random_03414_n02977058_c0480.JPEG,0.8528481722,480,cash machine,n02977058
86,imagenet_random_00858_n02788148_c0421.JPEG,0.8516566753,421,bannister,n02788148
87,imagenet_random_01212_n02804610_c0432.JPEG,0.8515746593,432,bassoon,n02804610
88,imagenet_random_02819_n02966193_c0476.JPEG,0.8507448435,476,carousel,n02966193
89,imagenet_random_01724_n02865351_c0451.JPEG,0.8477667570,451,bolo tie,n02865351
90,imagenet_random_03717_n02843684_c0448.JPEG,0.8470551968,448,birdhouse,n02843684
91,imagenet_random_03787_n02834397_c0443.JPEG,0.8460264802,443,bib,n02834397
92,imagenet_random_04323_n03062245_c0503.JPEG,0.8440338969,503,cocktail shaker,n03062245
93,imagenet_random_04768_n02977058_c0480.JPEG,0.8384317756,480,cash machine,n02977058
94,imagenet_random_04687_n02966193_c0476.JPEG,0.8380936980,476,carousel,n02966193
95,imagenet_random_04996_n03125729_c0516.JPEG,0.8369454741,516,cradle,n03125729
96,imagenet_random_02317_n02823428_c0440.JPEG,0.8368806839,440,beer bottle,n02823428
97,imagenet_random_00263_n02783161_c0418.JPEG,0.8354462385,418,ballpoint,n02783161
98,imagenet_random_01940_n02795169_c0427.JPEG,0.8336338997,427,barrel,n02795169
99,imagenet_random_01068_n02808304_c0434.JPEG,0.8329746127,434,bath towel,n02808304
100,imagenet_random_00671_n02794156_c0426.JPEG,0.8328220844,426,barometer,n02794156
101,imagenet_random_02663_n02951358_c0472.JPEG,0.8317595720,472,canoe,n02951358
102,imagenet_random_00159_n02776631_c0415.JPEG,0.8310812116,415,bakery,n02776631
103,imagenet_random_04746_n03000684_c0491.JPEG,0.8281283975,491,chain saw,n03000684
104,imagenet_random_01922_n02869837_c0452.JPEG,0.8273209333,452,bonnet,n02869837
105,imagenet_random_02048_n02892767_c0459.JPEG,0.8263549209,459,brassiere,n02892767
106,imagenet_random_02515_n02917067_c0466.JPEG,0.8247253299,466,bullet train,n02917067
107,imagenet_random_00547_n02730930_c0411.JPEG,0.8242416382,411,apron,n02730930
108,imagenet_random_04823_n02965783_c0475.JPEG,0.8224714398,475,car mirror,n02965783
109,imagenet_random_03883_n02927161_c0467.JPEG,0.8216032982,467,butcher shop,n02927161
110,imagenet_random_00903_n02782093_c0417.JPEG,0.8212088943,417,balloon,n02782093
111,imagenet_random_00754_n02799071_c0429.JPEG,0.8210843205,429,baseball,n02799071
112,imagenet_random_03986_n03000247_c0490.JPEG,0.8204241991,490,chain mail,n03000247
113,imagenet_random_04971_n03075370_c0507.JPEG,0.8201589584,507,combination lock,n03075370
114,imagenet_random_03085_n02939185_c0469.JPEG,0.8180236816,469,caldron,n02939185
115,imagenet_random_04569_n02965783_c0475.JPEG,0.8175458908,475,car mirror,n02965783
116,imagenet_random_04036_n02906734_c0462.JPEG,0.8175044060,462,broom,n02906734
117,imagenet_random_04095_n02794156_c0426.JPEG,0.8170329332,426,barometer,n02794156
118,imagenet_random_01826_n02802426_c0430.JPEG,0.8153882027,430,basketball,n02802426
119,imagenet_random_04949_n03089624_c0509.JPEG,0.8153753281,509,confectionery,n03089624
120,imagenet_random_03492_n02988304_c0485.JPEG,0.8136594892,485,CD player,n02988304
121,imagenet_random_01372_n02840245_c0446.JPEG,0.8128442764,446,binder,n02840245
122,imagenet_random_04233_n02981792_c0484.JPEG,0.8112441301,484,catamaran,n02981792
123,imagenet_random_01370_n02782093_c0417.JPEG,0.8108112812,417,balloon,n02782093
124,imagenet_random_04809_n03026506_c0496.JPEG,0.8102933168,496,Christmas stocking,n03026506
125,imagenet_random_02462_n02939185_c0469.JPEG,0.8101646900,469,caldron,n02939185
126,imagenet_random_00556_n02795169_c0427.JPEG,0.8081029654,427,barrel,n02795169
127,imagenet_random_03612_n02747177_c0412.JPEG,0.8052231073,412,ashcan,n02747177
128,imagenet_random_03500_n02927161_c0467.JPEG,0.8051595092,467,butcher shop,n02927161
129,imagenet_random_03994_n02727426_c0410.JPEG,0.8042495847,410,apiary,n02727426
130,imagenet_random_02404_n02865351_c0451.JPEG,0.8038476110,451,bolo tie,n02865351
131,imagenet_random_01952_n02879718_c0456.JPEG,0.8036653399,456,bow,n02879718
132,imagenet_random_01120_n02797295_c0428.JPEG,0.8031621575,428,barrow,n02797295
133,imagenet_random_02965_n02730930_c0411.JPEG,0.8019749522,411,apron,n02730930
134,imagenet_random_02567_n02909870_c0463.JPEG,0.8009269834,463,bucket,n02909870
135,imagenet_random_02236_n02804610_c0432.JPEG,0.7979770303,432,bassoon,n02804610
136,imagenet_random_04686_n03109150_c0512.JPEG,0.7975502610,512,corkscrew,n03109150
137,imagenet_random_03024_n02951585_c0473.JPEG,0.7963777781,473,can opener,n02951585
138,imagenet_random_00455_n02790996_c0422.JPEG,0.7943193913,422,barbell,n02790996
139,imagenet_random_00375_n02791270_c0424.JPEG,0.7938897014,424,barbershop,n02791270
140,imagenet_random_04656_n03065424_c0506.JPEG,0.7911432981,506,coil,n03065424
141,imagenet_random_01228_n02788148_c0421.JPEG,0.7907425165,421,bannister,n02788148
142,imagenet_random_01326_n02808304_c0434.JPEG,0.7901997566,434,bath towel,n02808304
143,imagenet_random_00958_n02797295_c0428.JPEG,0.7895478606,428,barrow,n02797295
144,imagenet_random_00896_n02727426_c0410.JPEG,0.7881204486,410,apiary,n02727426
145,imagenet_random_02930_n02802426_c0430.JPEG,0.7871355414,430,basketball,n02802426
146,imagenet_random_03398_n02910353_c0464.JPEG,0.7857163548,464,buckle,n02910353
147,imagenet_random_00436_n02730930_c0411.JPEG,0.7854224443,411,apron,n02730930
148,imagenet_random_01090_n02727426_c0410.JPEG,0.7851763964,410,apiary,n02727426
149,imagenet_random_01821_n02791270_c0424.JPEG,0.7846593857,424,barbershop,n02791270
150,imagenet_random_00633_n02795169_c0427.JPEG,0.7841113806,427,barrel,n02795169
151,imagenet_random_02324_n02894605_c0460.JPEG,0.7836841345,460,breakwater,n02894605
152,imagenet_random_00040_n02687172_c0403.JPEG,0.7814953923,403,aircraft carrier,n02687172
153,imagenet_random_00572_n02692877_c0405.JPEG,0.7811585665,405,airship,n02692877
154,imagenet_random_01859_n02865351_c0451.JPEG,0.7773280740,451,bolo tie,n02865351
155,imagenet_random_03837_n02977058_c0480.JPEG,0.7767261863,480,cash machine,n02977058
156,imagenet_random_02475_n02910353_c0464.JPEG,0.7766586542,464,buckle,n02910353
157,imagenet_random_02345_n02909870_c0463.JPEG,0.7759165168,463,bucket,n02909870
158,imagenet_random_04839_n03125729_c0516.JPEG,0.7751097083,516,cradle,n03125729
159,imagenet_random_00687_n02730930_c0411.JPEG,0.7747884989,411,apron,n02730930
160,imagenet_random_01353_n02802426_c0430.JPEG,0.7747220993,430,basketball,n02802426
161,imagenet_random_01966_n02794156_c0426.JPEG,0.7741036415,426,barometer,n02794156
162,imagenet_random_02905_n02797295_c0428.JPEG,0.7733914852,428,barrow,n02797295
163,imagenet_random_02641_n02894605_c0460.JPEG,0.7731292844,460,breakwater,n02894605
164,imagenet_random_00469_n02783161_c0418.JPEG,0.7716899514,418,ballpoint,n02783161
165,imagenet_random_00655_n02727426_c0410.JPEG,0.7705708146,410,apiary,n02727426
166,imagenet_random_01438_n02802426_c0430.JPEG,0.7700917125,430,basketball,n02802426
167,imagenet_random_04922_n03014705_c0492.JPEG,0.7697870135,492,chest,n03014705
168,imagenet_random_04239_n02978881_c0481.JPEG,0.7693258524,481,cassette,n02978881
169,imagenet_random_00595_n02777292_c0416.JPEG,0.7691249251,416,balance beam,n02777292
170,imagenet_random_02718_n02951585_c0473.JPEG,0.7687864304,473,can opener,n02951585
171,imagenet_random_02305_n02879718_c0456.JPEG,0.7687565088,456,bow,n02879718
172,imagenet_random_04421_n02981792_c0484.JPEG,0.7686550021,484,catamaran,n02981792
173,imagenet_random_01647_n02799071_c0429.JPEG,0.7682013512,429,baseball,n02799071
174,imagenet_random_04634_n03062245_c0503.JPEG,0.7680460215,503,cocktail shaker,n03062245
175,imagenet_random_03218_n02894605_c0460.JPEG,0.7677718997,460,breakwater,n02894605
176,imagenet_random_01998_n02865351_c0451.JPEG,0.7669230103,451,bolo tie,n02865351
177,imagenet_random_02864_n02948072_c0470.JPEG,0.7652263641,470,candle,n02948072
178,imagenet_random_00795_n02692877_c0405.JPEG,0.7651430368,405,airship,n02692877
179,imagenet_random_02675_n02869837_c0452.JPEG,0.7646738291,452,bonnet,n02869837
180,imagenet_random_00826_n02804414_c0431.JPEG,0.7646425962,431,bassinet,n02804414
181,imagenet_random_01166_n02802426_c0430.JPEG,0.7646142840,430,basketball,n02802426
182,imagenet_random_04084_n03032252_c0498.JPEG,0.7643789649,498,cinema,n03032252
183,imagenet_random_00420_n02783161_c0418.JPEG,0.7609277964,418,ballpoint,n02783161
184,imagenet_random_03632_n03000247_c0490.JPEG,0.7603219748,490,chain mail,n03000247
185,imagenet_random_03557_n02865351_c0451.JPEG,0.7601773739,451,bolo tie,n02865351
186,imagenet_random_03056_n02977058_c0480.JPEG,0.7599098086,480,cash machine,n02977058
187,imagenet_random_00539_n02794156_c0426.JPEG,0.7593219280,426,barometer,n02794156
188,imagenet_random_03249_n02977058_c0480.JPEG,0.7581551671,480,cash machine,n02977058
189,imagenet_random_03149_n02794156_c0426.JPEG,0.7581261396,426,barometer,n02794156
190,imagenet_random_01451_n02825657_c0442.JPEG,0.7573063374,442,bell cote,n02825657
191,imagenet_random_04991_n03028079_c0497.JPEG,0.7549674511,497,church,n03028079
192,imagenet_random_02843_n02892201_c0458.JPEG,0.7546215057,458,brass,n02892201
193,imagenet_random_04046_n03000684_c0491.JPEG,0.7543638349,491,chain saw,n03000684
194,imagenet_random_02176_n02879718_c0456.JPEG,0.7542586327,456,bow,n02879718
195,imagenet_random_01596_n02794156_c0426.JPEG,0.7530549765,426,barometer,n02794156
196,imagenet_random_02660_n02894605_c0460.JPEG,0.7527107000,460,breakwater,n02894605
197,imagenet_random_00456_n02687172_c0403.JPEG,0.7525551319,403,aircraft carrier,n02687172
198,imagenet_random_04351_n02951585_c0473.JPEG,0.7516580224,473,can opener,n02951585
199,imagenet_random_02423_n02804610_c0432.JPEG,0.7506314516,432,bassoon,n02804610
200,imagenet_random_02878_n02965783_c0475.JPEG,0.7505717278,475,car mirror,n02965783
201,imagenet_random_03753_n02692877_c0405.JPEG,0.7501601577,405,airship,n02692877
202,imagenet_random_03390_n02879718_c0456.JPEG,0.7496801019,456,bow,n02879718
203,imagenet_random_00458_n02777292_c0416.JPEG,0.7495712042,416,balance beam,n02777292
204,imagenet_random_04712_n02840245_c0446.JPEG,0.7495632768,446,binder,n02840245
205,imagenet_random_03688_n02804610_c0432.JPEG,0.7493563294,432,bassoon,n02804610
206,imagenet_random_00654_n02790996_c0422.JPEG,0.7487896681,422,barbell,n02790996
207,imagenet_random_03551_n02965783_c0475.JPEG,0.7482261062,475,car mirror,n02965783
208,imagenet_random_03055_n02965783_c0475.JPEG,0.7477309704,475,car mirror,n02965783
209,imagenet_random_04928_n02971356_c0478.JPEG,0.7471551895,478,carton,n02971356
210,imagenet_random_00241_n02730930_c0411.JPEG,0.7454876900,411,apron,n02730930
211,imagenet_random_01417_n02794156_c0426.JPEG,0.7447403669,426,barometer,n02794156
212,imagenet_random_01455_n02672831_c0401.JPEG,0.7440842390,401,accordion,n02672831
213,imagenet_random_00365_n02727426_c0410.JPEG,0.7425643802,410,apiary,n02727426
214,imagenet_random_02173_n02879718_c0456.JPEG,0.7408477068,456,bow,n02879718
215,imagenet_random_03348_n02948072_c0470.JPEG,0.7407142520,470,candle,n02948072
216,imagenet_random_03236_n02794156_c0426.JPEG,0.7398545742,426,barometer,n02794156
217,imagenet_random_04950_n03018349_c0495.JPEG,0.7396941185,495,china cabinet,n03018349
218,imagenet_random_03529_n02883205_c0457.JPEG,0.7394321561,457,bow tie,n02883205
219,imagenet_random_01249_n02786058_c0419.JPEG,0.7391602397,419,Band Aid,n02786058
220,imagenet_random_01680_n02783161_c0418.JPEG,0.7390202284,418,ballpoint,n02783161
221,imagenet_random_01538_n02823428_c0440.JPEG,0.7372661829,440,beer bottle,n02823428
222,imagenet_random_01105_n02795169_c0427.JPEG,0.7368161082,427,barrel,n02795169
223,imagenet_random_02061_n02843684_c0448.JPEG,0.7365978956,448,birdhouse,n02843684
224,imagenet_random_00527_n02797295_c0428.JPEG,0.7365306020,428,barrow,n02797295
225,imagenet_random_04788_n03042490_c0500.JPEG,0.7361696362,500,cliff dwelling,n03042490
226,imagenet_random_04663_n03041632_c0499.JPEG,0.7359905243,499,cleaver,n03041632
227,imagenet_random_03937_n03014705_c0492.JPEG,0.7354682088,492,chest,n03014705
228,imagenet_random_01251_n02817516_c0439.JPEG,0.7352581024,439,bearskin,n02817516
229,imagenet_random_02714_n02916936_c0465.JPEG,0.7347922921,465,bulletproof vest,n02916936
230,imagenet_random_01930_n02879718_c0456.JPEG,0.7347557545,456,bow,n02879718
231,imagenet_random_01478_n02794156_c0426.JPEG,0.7341917753,426,barometer,n02794156
232,imagenet_random_02708_n02950826_c0471.JPEG,0.7339998484,471,cannon,n02950826
233,imagenet_random_03192_n02869837_c0452.JPEG,0.7335531116,452,bonnet,n02869837
234,imagenet_random_01776_n02699494_c0406.JPEG,0.7332556844,406,altar,n02699494
235,imagenet_random_03235_n02981792_c0484.JPEG,0.7323628664,484,catamaran,n02981792
236,imagenet_random_04370_n02823428_c0440.JPEG,0.7313863039,440,beer bottle,n02823428
237,imagenet_random_01763_n02817516_c0439.JPEG,0.7310773134,439,bearskin,n02817516
238,imagenet_random_02758_n02892201_c0458.JPEG,0.7308437824,458,brass,n02892201
239,imagenet_random_03211_n02978881_c0481.JPEG,0.7305350304,481,cassette,n02978881
240,imagenet_random_01970_n02804414_c0431.JPEG,0.7304714918,431,bassinet,n02804414
241,imagenet_random_03677_n02981792_c0484.JPEG,0.7291976810,484,catamaran,n02981792
242,imagenet_random_03360_n02879718_c0456.JPEG,0.7285022736,456,bow,n02879718
243,imagenet_random_04691_n03109150_c0512.JPEG,0.7284080386,512,corkscrew,n03109150
244,imagenet_random_03985_n03000684_c0491.JPEG,0.7275877595,491,chain saw,n03000684
245,imagenet_random_01950_n02841315_c0447.JPEG,0.7260015607,447,binoculars,n02841315
246,imagenet_random_02853_n02892201_c0458.JPEG,0.7250342369,458,brass,n02892201
247,imagenet_random_00755_n02788148_c0421.JPEG,0.7245827913,421,bannister,n02788148
248,imagenet_random_04052_n02966193_c0476.JPEG,0.7242967486,476,carousel,n02966193
249,imagenet_random_02414_n02892201_c0458.JPEG,0.7242515087,458,brass,n02892201
250,imagenet_random_03064_n02966193_c0476.JPEG,0.7242344618,476,carousel,n02966193
251,imagenet_random_01115_n02793495_c0425.JPEG,0.7239427567,425,barn,n02793495
252,imagenet_random_04329_n02917067_c0466.JPEG,0.7234157920,466,bullet train,n02917067
253,imagenet_random_01902_n02877765_c0455.JPEG,0.7234083414,455,bottlecap,n02877765
254,imagenet_random_02692_n02906734_c0462.JPEG,0.7229024172,462,broom,n02906734
255,imagenet_random_04480_n03065424_c0506.JPEG,0.7227259874,506,coil,n03065424
256,imagenet_random_00810_n02795169_c0427.JPEG,0.7222056389,427,barrel,n02795169
257,imagenet_random_04573_n03089624_c0509.JPEG,0.7217987180,509,confectionery,n03089624
258,imagenet_random_02831_n02808304_c0434.JPEG,0.7214322686,434,bath towel,n02808304
259,imagenet_random_01034_n02802426_c0430.JPEG,0.7213593721,430,basketball,n02802426
260,imagenet_random_03280_n02966687_c0477.JPEG,0.7205380797,477,carpenter's kit,n02966687
261,imagenet_random_00036_n02787622_c0420.JPEG,0.7200964093,420,banjo,n02787622
262,imagenet_random_01321_n02802426_c0430.JPEG,0.7196657062,430,basketball,n02802426
263,imagenet_random_03375_n02977058_c0480.JPEG,0.7192165256,480,cash machine,n02977058
264,imagenet_random_04234_n03047690_c0502.JPEG,0.7190767527,502,clog,n03047690
265,imagenet_random_02935_n02860847_c0450.JPEG,0.7185931802,450,bobsled,n02860847
266,imagenet_random_00029_n02704792_c0408.JPEG,0.7183548212,408,amphibian,n02704792
267,imagenet_random_00000_n02672831_c0401.JPEG,0.7183338404,401,accordion,n02672831
268,imagenet_random_04392_n03032252_c0498.JPEG,0.7183259130,498,cinema,n03032252
269,imagenet_random_04743_n03085013_c0508.JPEG,0.7182396650,508,computer keyboard,n03085013
270,imagenet_random_02870_n02965783_c0475.JPEG,0.7173382640,475,car mirror,n02965783
271,imagenet_random_01197_n02786058_c0419.JPEG,0.7170472741,419,Band Aid,n02786058
272,imagenet_random_04469_n02980441_c0483.JPEG,0.7162688375,483,castle,n02980441
273,imagenet_random_04017_n02894605_c0460.JPEG,0.7159280777,460,breakwater,n02894605
274,imagenet_random_00408_n02783161_c0418.JPEG,0.7159029245,418,ballpoint,n02783161
275,imagenet_random_03673_n02917067_c0466.JPEG,0.7155577540,466,bullet train,n02917067
276,imagenet_random_02807_n02965783_c0475.JPEG,0.7155538201,475,car mirror,n02965783
277,imagenet_random_02004_n02777292_c0416.JPEG,0.7151436806,416,balance beam,n02777292
278,imagenet_random_00531_n02799071_c0429.JPEG,0.7150776982,429,baseball,n02799071
279,imagenet_random_03865_n02869837_c0452.JPEG,0.7149612904,452,bonnet,n02869837
280,imagenet_random_03051_n02927161_c0467.JPEG,0.7147820592,467,butcher shop,n02927161
281,imagenet_random_01023_n02788148_c0421.JPEG,0.7146427631,421,bannister,n02788148
282,imagenet_random_00982_n02730930_c0411.JPEG,0.7145192027,411,apron,n02730930
283,imagenet_random_04023_n03017168_c0494.JPEG,0.7141529918,494,chime,n03017168
284,imagenet_random_04978_n03026506_c0496.JPEG,0.7135810852,496,Christmas stocking,n03026506
285,imagenet_random_02472_n02865351_c0451.JPEG,0.7127924562,451,bolo tie,n02865351
286,imagenet_random_03184_n02977058_c0480.JPEG,0.7127208710,480,cash machine,n02977058
287,imagenet_random_01928_n02869837_c0452.JPEG,0.7126752734,452,bonnet,n02869837
288,imagenet_random_02872_n02892767_c0459.JPEG,0.7123405933,459,brassiere,n02892767
289,imagenet_random_00216_n02790996_c0422.JPEG,0.7120504975,422,barbell,n02790996
290,imagenet_random_00973_n02815834_c0438.JPEG,0.7110220194,438,beaker,n02815834
291,imagenet_random_03704_n02783161_c0418.JPEG,0.7109673619,418,ballpoint,n02783161
292,imagenet_random_03427_n02879718_c0456.JPEG,0.7106838822,456,bow,n02879718
293,imagenet_random_02810_n02787622_c0420.JPEG,0.7105054259,420,banjo,n02787622
294,imagenet_random_03832_n02965783_c0475.JPEG,0.7104177475,475,car mirror,n02965783
295,imagenet_random_04237_n03042490_c0500.JPEG,0.7101783752,500,cliff dwelling,n03042490
296,imagenet_random_01515_n02783161_c0418.JPEG,0.7100659013,418,ballpoint,n02783161
297,imagenet_random_03866_n03000684_c0491.JPEG,0.7093284726,491,chain saw,n03000684
298,imagenet_random_01846_n02787622_c0420.JPEG,0.7092437148,420,banjo,n02787622
299,imagenet_random_03770_n02951585_c0473.JPEG,0.7090556622,473,can opener,n02951585
300,imagenet_random_04276_n03000684_c0491.JPEG,0.7087380886,491,chain saw,n03000684
301,imagenet_random_00785_n02730930_c0411.JPEG,0.7084832191,411,apron,n02730930
302,imagenet_random_00949_n02692877_c0405.JPEG,0.7082867622,405,airship,n02692877
303,imagenet_random_04123_n02871525_c0454.JPEG,0.7078601122,454,bookshop,n02871525
304,imagenet_random_03531_n02999410_c0488.JPEG,0.7078372240,488,chain,n02999410
305,imagenet_random_00614_n02788148_c0421.JPEG,0.7072573304,421,bannister,n02788148
306,imagenet_random_02197_n02906734_c0462.JPEG,0.7066891193,462,broom,n02906734
307,imagenet_random_02978_n02966687_c0477.JPEG,0.7065805793,477,carpenter's kit,n02966687
308,imagenet_random_00721_n02807133_c0433.JPEG,0.7060828209,433,bathing cap,n02807133
309,imagenet_random_04418_n03000684_c0491.JPEG,0.7059637904,491,chain saw,n03000684
310,imagenet_random_02932_n02930766_c0468.JPEG,0.7058887482,468,cab,n02930766
311,imagenet_random_00180_n02783161_c0418.JPEG,0.7056258321,418,ballpoint,n02783161
312,imagenet_random_00585_n02799071_c0429.JPEG,0.7051681280,429,baseball,n02799071
313,imagenet_random_03539_n03000247_c0490.JPEG,0.7040195465,490,chain mail,n03000247
314,imagenet_random_01080_n02817516_c0439.JPEG,0.7035298347,439,bearskin,n02817516
315,imagenet_random_00327_n02790996_c0422.JPEG,0.7034014463,422,barbell,n02790996
316,imagenet_random_03861_n02909870_c0463.JPEG,0.7030197978,463,bucket,n02909870
317,imagenet_random_00713_n02776631_c0415.JPEG,0.7029215097,415,bakery,n02776631
318,imagenet_random_01099_n02804610_c0432.JPEG,0.7024520636,432,bassoon,n02804610
319,imagenet_random_02043_n02835271_c0444.JPEG,0.7018717527,444,bicycle-built-for-two,n02835271
320,imagenet_random_00495_n02704792_c0408.JPEG,0.7017979026,408,amphibian,n02704792
321,imagenet_random_02165_n02892767_c0459.JPEG,0.7017667294,459,brassiere,n02892767
322,imagenet_random_03362_n02877765_c0455.JPEG,0.7010687590,455,bottlecap,n02877765
323,imagenet_random_02493_n02906734_c0462.JPEG,0.7008411884,462,broom,n02906734
324,imagenet_random_02099_n02860847_c0450.JPEG,0.7007369995,450,bobsled,n02860847
325,imagenet_random_00399_n02699494_c0406.JPEG,0.7007041574,406,altar,n02699494
326,imagenet_random_03641_n02951358_c0472.JPEG,0.7005024552,472,canoe,n02951358
327,imagenet_random_02456_n02825657_c0442.JPEG,0.7004975677,442,bell cote,n02825657
328,imagenet_random_04242_n03028079_c0497.JPEG,0.7000010610,497,church,n03028079
329,imagenet_random_03737_n03014705_c0492.JPEG,0.6999279261,492,chest,n03014705
330,imagenet_random_00530_n02747177_c0412.JPEG,0.6991828084,412,ashcan,n02747177
331,imagenet_random_01814_n02782093_c0417.JPEG,0.6991797090,417,balloon,n02782093
332,imagenet_random_01626_n02802426_c0430.JPEG,0.6987943053,430,basketball,n02802426
333,imagenet_random_03871_n03026506_c0496.JPEG,0.6982060671,496,Christmas stocking,n03026506
334,imagenet_random_00171_n02790996_c0422.JPEG,0.6977149844,422,barbell,n02790996
335,imagenet_random_01354_n02815834_c0438.JPEG,0.6974613667,438,beaker,n02815834
336,imagenet_random_02724_n02910353_c0464.JPEG,0.6970863938,464,buckle,n02910353
337,imagenet_random_01659_n02807133_c0433.JPEG,0.6963087320,433,bathing cap,n02807133
338,imagenet_random_02505_n02910353_c0464.JPEG,0.6958555579,464,buckle,n02910353
339,imagenet_random_01861_n02865351_c0451.JPEG,0.6949965954,451,bolo tie,n02865351
340,imagenet_random_01857_n02877765_c0455.JPEG,0.6949177980,455,bottlecap,n02877765
341,imagenet_random_00519_n02730930_c0411.JPEG,0.6940020919,411,apron,n02730930
342,imagenet_random_02367_n02916936_c0465.JPEG,0.6934748888,465,bulletproof vest,n02916936
343,imagenet_random_03644_n03000134_c0489.JPEG,0.6923933029,489,chainlink fence,n03000134
344,imagenet_random_00825_n02807133_c0433.JPEG,0.6923746467,433,bathing cap,n02807133
345,imagenet_random_02820_n02841315_c0447.JPEG,0.6915932298,447,binoculars,n02841315
346,imagenet_random_02209_n02906734_c0462.JPEG,0.6914506555,462,broom,n02906734
347,imagenet_random_02016_n02883205_c0457.JPEG,0.6907274723,457,bow tie,n02883205
348,imagenet_random_00886_n02802426_c0430.JPEG,0.6905468106,430,basketball,n02802426
349,imagenet_random_03100_n02910353_c0464.JPEG,0.6905387640,464,buckle,n02910353
350,imagenet_random_00890_n02804414_c0431.JPEG,0.6897460222,431,bassinet,n02804414
351,imagenet_random_03591_n02916936_c0465.JPEG,0.6897305846,465,bulletproof vest,n02916936
352,imagenet_random_04741_n03065424_c0506.JPEG,0.6895983219,506,coil,n03065424
353,imagenet_random_02589_n02699494_c0406.JPEG,0.6894582510,406,altar,n02699494
354,imagenet_random_02681_n02843684_c0448.JPEG,0.6892142892,448,birdhouse,n02843684
355,imagenet_random_03118_n02963159_c0474.JPEG,0.6891333461,474,cardigan,n02963159
356,imagenet_random_04384_n02966687_c0477.JPEG,0.6884602904,477,carpenter's kit,n02966687
357,imagenet_random_02596_n02916936_c0465.JPEG,0.6879897118,465,bulletproof vest,n02916936
358,imagenet_random_00692_n02783161_c0418.JPEG,0.6878768206,418,ballpoint,n02783161
359,imagenet_random_02790_n02951585_c0473.JPEG,0.6874693632,473,can opener,n02951585
360,imagenet_random_04245_n03047690_c0502.JPEG,0.6873003244,502,clog,n03047690
361,imagenet_random_00262_n02699494_c0406.JPEG,0.6871311069,406,altar,n02699494
362,imagenet_random_00038_n02692877_c0405.JPEG,0.6870728731,405,airship,n02692877
363,imagenet_random_00852_n02794156_c0426.JPEG,0.6864762902,426,barometer,n02794156
364,imagenet_random_00329_n02794156_c0426.JPEG,0.6864640713,426,barometer,n02794156
365,imagenet_random_01864_n02823750_c0441.JPEG,0.6862502098,441,beer glass,n02823750
366,imagenet_random_00033_n02730930_c0411.JPEG,0.6862425804,411,apron,n02730930
367,imagenet_random_02279_n02794156_c0426.JPEG,0.6859890223,426,barometer,n02794156
368,imagenet_random_00736_n02794156_c0426.JPEG,0.6858999729,426,barometer,n02794156
369,imagenet_random_01856_n02802426_c0430.JPEG,0.6857676506,430,basketball,n02802426
370,imagenet_random_03695_n02747177_c0412.JPEG,0.6854722500,412,ashcan,n02747177
371,imagenet_random_03957_n03000247_c0490.JPEG,0.6842203736,490,chain mail,n03000247
372,imagenet_random_03034_n02948072_c0470.JPEG,0.6837859750,470,candle,n02948072
373,imagenet_random_02012_n02860847_c0450.JPEG,0.6836553216,450,bobsled,n02860847
374,imagenet_random_03602_n02965783_c0475.JPEG,0.6836125851,475,car mirror,n02965783
375,imagenet_random_01187_n02802426_c0430.JPEG,0.6835688353,430,basketball,n02802426
376,imagenet_random_01020_n02802426_c0430.JPEG,0.6835235953,430,basketball,n02802426
377,imagenet_random_00770_n02802426_c0430.JPEG,0.6832050085,430,basketball,n02802426
378,imagenet_random_03107_n02977058_c0480.JPEG,0.6830453277,480,cash machine,n02977058
379,imagenet_random_01837_n02834397_c0443.JPEG,0.6830216050,443,bib,n02834397
380,imagenet_random_04963_n03124043_c0514.JPEG,0.6829080582,514,cowboy boot,n03124043
381,imagenet_random_00857_n02672831_c0401.JPEG,0.6827494502,401,accordion,n02672831
382,imagenet_random_03907_n02951358_c0472.JPEG,0.6822353005,472,canoe,n02951358
383,imagenet_random_03946_n02992211_c0486.JPEG,0.6819663644,486,cello,n02992211
384,imagenet_random_00303_n02782093_c0417.JPEG,0.6812975407,417,balloon,n02782093
385,imagenet_random_01695_n02790996_c0422.JPEG,0.6810290813,422,barbell,n02790996
386,imagenet_random_02903_n02927161_c0467.JPEG,0.6809541583,467,butcher shop,n02927161
387,imagenet_random_00113_n02708093_c0409.JPEG,0.6807718277,409,analog clock,n02708093
388,imagenet_random_03264_n02951358_c0472.JPEG,0.6803637743,472,canoe,n02951358
389,imagenet_random_00665_n02797295_c0428.JPEG,0.6801024079,428,barrow,n02797295
390,imagenet_random_04644_n02951358_c0472.JPEG,0.6800402999,472,canoe,n02951358
391,imagenet_random_01875_n02834397_c0443.JPEG,0.6794446111,443,bib,n02834397
392,imagenet_random_04798_n02910353_c0464.JPEG,0.6792795062,464,buckle,n02910353
393,imagenet_random_02887_n02966193_c0476.JPEG,0.6792246699,476,carousel,n02966193
394,imagenet_random_01315_n02817516_c0439.JPEG,0.6790962219,439,bearskin,n02817516
395,imagenet_random_04253_n03041632_c0499.JPEG,0.6789758205,499,cleaver,n03041632
396,imagenet_random_00461_n02794156_c0426.JPEG,0.6781621575,426,barometer,n02794156
397,imagenet_random_02221_n02894605_c0460.JPEG,0.6780630350,460,breakwater,n02894605
398,imagenet_random_02787_n02939185_c0469.JPEG,0.6777623296,469,caldron,n02939185
399,imagenet_random_02274_n02894605_c0460.JPEG,0.6774827838,460,breakwater,n02894605
400,imagenet_random_00776_n02704792_c0408.JPEG,0.6772867441,408,amphibian,n02704792
401,imagenet_random_02441_n02916936_c0465.JPEG,0.6770473123,465,bulletproof vest,n02916936
402,imagenet_random_02759_n02802426_c0430.JPEG,0.6768136621,430,basketball,n02802426
403,imagenet_random_00328_n02676566_c0402.JPEG,0.6767529845,402,acoustic guitar,n02676566
404,imagenet_random_03565_n02966687_c0477.JPEG,0.6761232615,477,carpenter's kit,n02966687
405,imagenet_random_02646_n02950826_c0471.JPEG,0.6758711338,471,cannon,n02950826
406,imagenet_random_00553_n02794156_c0426.JPEG,0.6757630706,426,barometer,n02794156
407,imagenet_random_02024_n02823428_c0440.JPEG,0.6756243706,440,beer bottle,n02823428
408,imagenet_random_02092_n02777292_c0416.JPEG,0.6748006344,416,balance beam,n02777292
409,imagenet_random_02459_n02672831_c0401.JPEG,0.6745321751,401,accordion,n02672831
410,imagenet_random_04562_n02909870_c0463.JPEG,0.6742826700,463,bucket,n02909870
411,imagenet_random_01151_n02814860_c0437.JPEG,0.6741808653,437,beacon,n02814860
412,imagenet_random_03518_n02894605_c0460.JPEG,0.6738376617,460,breakwater,n02894605
413,imagenet_random_00138_n02701002_c0407.JPEG,0.6738311052,407,ambulance,n02701002
414,imagenet_random_01177_n02687172_c0403.JPEG,0.6738133430,403,aircraft carrier,n02687172
415,imagenet_random_04700_n03100240_c0511.JPEG,0.6734997630,511,convertible,n03100240
416,imagenet_random_02904_n02965783_c0475.JPEG,0.6734454036,475,car mirror,n02965783
417,imagenet_random_00642_n02782093_c0417.JPEG,0.6732461452,417,balloon,n02782093
418,imagenet_random_03333_n02807133_c0433.JPEG,0.6732107997,433,bathing cap,n02807133
419,imagenet_random_01675_n02841315_c0447.JPEG,0.6732044220,447,binoculars,n02841315
420,imagenet_random_02096_n02870880_c0453.JPEG,0.6730217934,453,bookcase,n02870880
421,imagenet_random_03754_n03014705_c0492.JPEG,0.6725464463,492,chest,n03014705
422,imagenet_random_01202_n02804414_c0431.JPEG,0.6723473668,431,bassinet,n02804414
423,imagenet_random_03431_n02980441_c0483.JPEG,0.6723159552,483,castle,n02980441
424,imagenet_random_03890_n02966193_c0476.JPEG,0.6722945571,476,carousel,n02966193
425,imagenet_random_02469_n02790996_c0422.JPEG,0.6720474362,422,barbell,n02790996
426,imagenet_random_04961_n03018349_c0495.JPEG,0.6718985438,495,china cabinet,n03018349
427,imagenet_random_03022_n02966687_c0477.JPEG,0.6718572378,477,carpenter's kit,n02966687
428,imagenet_random_00474_n02794156_c0426.JPEG,0.6718108654,426,barometer,n02794156
429,imagenet_random_03935_n03026506_c0496.JPEG,0.6715546250,496,Christmas stocking,n03026506
430,imagenet_random_03550_n02978881_c0481.JPEG,0.6715475917,481,cassette,n02978881
431,imagenet_random_01978_n02879718_c0456.JPEG,0.6709517837,456,bow,n02879718
432,imagenet_random_00960_n02802426_c0430.JPEG,0.6708605886,430,basketball,n02802426
433,imagenet_random_00919_n02807133_c0433.JPEG,0.6704571843,433,bathing cap,n02807133
434,imagenet_random_04804_n03100240_c0511.JPEG,0.6698785424,511,convertible,n03100240
435,imagenet_random_00942_n02783161_c0418.JPEG,0.6698506474,418,ballpoint,n02783161
436,imagenet_random_01056_n02791270_c0424.JPEG,0.6698015928,424,barbershop,n02791270
437,imagenet_random_00986_n02815834_c0438.JPEG,0.6697810292,438,beaker,n02815834
438,imagenet_random_03429_n02974003_c0479.JPEG,0.6696757674,479,car wheel,n02974003
439,imagenet_random_03086_n02951358_c0472.JPEG,0.6696057320,472,canoe,n02951358
440,imagenet_random_01087_n02786058_c0419.JPEG,0.6692646146,419,Band Aid,n02786058
441,imagenet_random_04849_n03062245_c0503.JPEG,0.6692260504,503,cocktail shaker,n03062245
442,imagenet_random_04632_n02992211_c0486.JPEG,0.6686130762,486,cello,n02992211
443,imagenet_random_01342_n02823750_c0441.JPEG,0.6684580445,441,beer glass,n02823750
444,imagenet_random_03448_n02814860_c0437.JPEG,0.6683980227,437,beacon,n02814860
445,imagenet_random_04540_n02930766_c0468.JPEG,0.6675810814,468,cab,n02930766
446,imagenet_random_04143_n03017168_c0494.JPEG,0.6674382091,494,chime,n03017168
447,imagenet_random_04127_n03000247_c0490.JPEG,0.6673089862,490,chain mail,n03000247
448,imagenet_random_03203_n02799071_c0429.JPEG,0.6671740413,429,baseball,n02799071
449,imagenet_random_04511_n03042490_c0500.JPEG,0.6671346426,500,cliff dwelling,n03042490
450,imagenet_random_01584_n02859443_c0449.JPEG,0.6670206189,449,boathouse,n02859443
451,imagenet_random_02602_n02860847_c0450.JPEG,0.6669623256,450,bobsled,n02860847
452,imagenet_random_01745_n02804414_c0431.JPEG,0.6667715311,431,bassinet,n02804414
453,imagenet_random_02719_n02892201_c0458.JPEG,0.6667198539,458,brass,n02892201
454,imagenet_random_02849_n02966193_c0476.JPEG,0.6666346788,476,carousel,n02966193
455,imagenet_random_00109_n02769748_c0414.JPEG,0.6660027504,414,backpack,n02769748
456,imagenet_random_02309_n02871525_c0454.JPEG,0.6658380628,454,bookshop,n02871525
457,imagenet_random_01494_n02795169_c0427.JPEG,0.6658329368,427,barrel,n02795169
458,imagenet_random_02533_n02834397_c0443.JPEG,0.6656631827,443,bib,n02834397
459,imagenet_random_02105_n02793495_c0425.JPEG,0.6655967236,425,barn,n02793495
460,imagenet_random_04324_n03047690_c0502.JPEG,0.6653469205,502,clog,n03047690
461,imagenet_random_00688_n02787622_c0420.JPEG,0.6651971340,420,banjo,n02787622
462,imagenet_random_01475_n02794156_c0426.JPEG,0.6651383638,426,barometer,n02794156
463,imagenet_random_03586_n03000134_c0489.JPEG,0.6651328802,489,chainlink fence,n03000134
464,imagenet_random_02577_n02892201_c0458.JPEG,0.6650581360,458,brass,n02892201
465,imagenet_random_01509_n02791124_c0423.JPEG,0.6644659042,423,barber chair,n02791124
466,imagenet_random_03309_n02966193_c0476.JPEG,0.6640889049,476,carousel,n02966193
467,imagenet_random_00295_n02727426_c0410.JPEG,0.6640465856,410,apiary,n02727426
468,imagenet_random_03094_n02865351_c0451.JPEG,0.6638203263,451,bolo tie,n02865351
469,imagenet_random_04414_n02892201_c0458.JPEG,0.6637485623,458,brass,n02892201
470,imagenet_random_00775_n02786058_c0419.JPEG,0.6634737849,419,Band Aid,n02786058
471,imagenet_random_02272_n02892201_c0458.JPEG,0.6632266045,458,brass,n02892201
472,imagenet_random_03217_n02965783_c0475.JPEG,0.6631633043,475,car mirror,n02965783
473,imagenet_random_04198_n03042490_c0500.JPEG,0.6629646420,500,cliff dwelling,n03042490
474,imagenet_random_04510_n02981792_c0484.JPEG,0.6628364921,484,catamaran,n02981792
475,imagenet_random_03329_n02927161_c0467.JPEG,0.6626965404,467,butcher shop,n02927161
476,imagenet_random_00176_n02787622_c0420.JPEG,0.6621045470,420,banjo,n02787622
477,imagenet_random_02830_n02788148_c0421.JPEG,0.6620669961,421,bannister,n02788148
478,imagenet_random_01111_n02804610_c0432.JPEG,0.6613706350,432,bassoon,n02804610
479,imagenet_random_04040_n02977058_c0480.JPEG,0.6613352895,480,cash machine,n02977058
480,imagenet_random_01226_n02794156_c0426.JPEG,0.6611132622,426,barometer,n02794156
481,imagenet_random_00575_n02795169_c0427.JPEG,0.6606712937,427,barrel,n02795169
482,imagenet_random_03036_n02950826_c0471.JPEG,0.6597940326,471,cannon,n02950826
483,imagenet_random_00341_n02692877_c0405.JPEG,0.6596538424,405,airship,n02692877
484,imagenet_random_00576_n02793495_c0425.JPEG,0.6592304111,425,barn,n02793495
485,imagenet_random_02233_n02879718_c0456.JPEG,0.6591278315,456,bow,n02879718
486,imagenet_random_01038_n02790996_c0422.JPEG,0.6590912938,422,barbell,n02790996
487,imagenet_random_03321_n02892201_c0458.JPEG,0.6588823199,458,brass,n02892201
488,imagenet_random_03452_n02951358_c0472.JPEG,0.6574577689,472,canoe,n02951358
489,imagenet_random_00558_n02776631_c0415.JPEG,0.6573181152,415,bakery,n02776631
490,imagenet_random_03284_n02965783_c0475.JPEG,0.6560744643,475,car mirror,n02965783
491,imagenet_random_03762_n02910353_c0464.JPEG,0.6559559703,464,buckle,n02910353
492,imagenet_random_03032_n02966687_c0477.JPEG,0.6559498906,477,carpenter's kit,n02966687
493,imagenet_random_00594_n02797295_c0428.JPEG,0.6557143331,428,barrow,n02797295
494,imagenet_random_02996_n02965783_c0475.JPEG,0.6556397080,475,car mirror,n02965783
495,imagenet_random_02325_n02865351_c0451.JPEG,0.6549238563,451,bolo tie,n02865351
496,imagenet_random_04364_n03000247_c0490.JPEG,0.6548935175,490,chain mail,n03000247
497,imagenet_random_03664_n02992211_c0486.JPEG,0.6548503041,486,cello,n02992211
498,imagenet_random_02333_n02917067_c0466.JPEG,0.6546635032,466,bullet train,n02917067
499,imagenet_random_02468_n02930766_c0468.JPEG,0.6546081305,468,cab,n02930766
500,imagenet_random_03995_n02951358_c0472.JPEG,0.6545103788,472,canoe,n02951358
501,imagenet_random_01803_n02834397_c0443.JPEG,0.6545088887,443,bib,n02834397
502,imagenet_random_00404_n02727426_c0410.JPEG,0.6544979811,410,apiary,n02727426
503,imagenet_random_03067_n02965783_c0475.JPEG,0.6544480920,475,car mirror,n02965783
504,imagenet_random_01557_n02823750_c0441.JPEG,0.6544368863,441,beer glass,n02823750
505,imagenet_random_04598_n02927161_c0467.JPEG,0.6543272138,467,butcher shop,n02927161
506,imagenet_random_02954_n02790996_c0422.JPEG,0.6543078423,422,barbell,n02790996
507,imagenet_random_04979_n03075370_c0507.JPEG,0.6541861296,507,combination lock,n03075370
508,imagenet_random_03346_n02790996_c0422.JPEG,0.6540074348,422,barbell,n02790996
509,imagenet_random_02672_n02883205_c0457.JPEG,0.6536844969,457,bow tie,n02883205
510,imagenet_random_03820_n02966193_c0476.JPEG,0.6533168554,476,carousel,n02966193
511,imagenet_random_01707_n02783161_c0418.JPEG,0.6529554129,418,ballpoint,n02783161
512,imagenet_random_00506_n02727426_c0410.JPEG,0.6528350711,410,apiary,n02727426
513,imagenet_random_01262_n02704792_c0408.JPEG,0.6527190804,408,amphibian,n02704792
514,imagenet_random_03386_n02951585_c0473.JPEG,0.6525554657,473,can opener,n02951585
515,imagenet_random_03826_n02927161_c0467.JPEG,0.6523943543,467,butcher shop,n02927161
516,imagenet_random_01697_n02870880_c0453.JPEG,0.6522852778,453,bookcase,n02870880
517,imagenet_random_04333_n03026506_c0496.JPEG,0.6519554257,496,Christmas stocking,n03026506
518,imagenet_random_01810_n02825657_c0442.JPEG,0.6518874764,442,bell cote,n02825657
519,imagenet_random_02060_n02782093_c0417.JPEG,0.6518785357,417,balloon,n02782093
520,imagenet_random_02568_n02871525_c0454.JPEG,0.6517238617,454,bookshop,n02871525
521,imagenet_random_04621_n02865351_c0451.JPEG,0.6517209411,451,bolo tie,n02865351
522,imagenet_random_03639_n02966193_c0476.JPEG,0.6516546011,476,carousel,n02966193
523,imagenet_random_01722_n02843684_c0448.JPEG,0.6515243649,448,birdhouse,n02843684
524,imagenet_random_04145_n03042490_c0500.JPEG,0.6515094638,500,cliff dwelling,n03042490
525,imagenet_random_04038_n02841315_c0447.JPEG,0.6510388255,447,binoculars,n02841315
526,imagenet_random_01223_n02790996_c0422.JPEG,0.6510087848,422,barbell,n02790996
527,imagenet_random_04672_n03109150_c0512.JPEG,0.6508360505,512,corkscrew,n03109150
528,imagenet_random_01972_n02871525_c0454.JPEG,0.6506113410,454,bookshop,n02871525
529,imagenet_random_01149_n02782093_c0417.JPEG,0.6498237848,417,balloon,n02782093
530,imagenet_random_03818_n03016953_c0493.JPEG,0.6496163011,493,chiffonier,n03016953
531,imagenet_random_02696_n02879718_c0456.JPEG,0.6495821476,456,bow,n02879718
532,imagenet_random_00706_n02804414_c0431.JPEG,0.6492853165,431,bassinet,n02804414
533,imagenet_random_01072_n02776631_c0415.JPEG,0.6492213011,415,bakery,n02776631
534,imagenet_random_01531_n02794156_c0426.JPEG,0.6489658952,426,barometer,n02794156
535,imagenet_random_01650_n02788148_c0421.JPEG,0.6486348510,421,bannister,n02788148
536,imagenet_random_01205_n02783161_c0418.JPEG,0.6484797597,418,ballpoint,n02783161
537,imagenet_random_03412_n02879718_c0456.JPEG,0.6483849883,456,bow,n02879718
538,imagenet_random_02228_n02909870_c0463.JPEG,0.6469849944,463,bucket,n02909870
539,imagenet_random_00588_n02777292_c0416.JPEG,0.6465211511,416,balance beam,n02777292
540,imagenet_random_01218_n02777292_c0416.JPEG,0.6464560628,416,balance beam,n02777292
541,imagenet_random_01376_n02802426_c0430.JPEG,0.6463360190,430,basketball,n02802426
542,imagenet_random_00777_n02799071_c0429.JPEG,0.6462500691,429,baseball,n02799071
543,imagenet_random_03829_n02860847_c0450.JPEG,0.6458190680,450,bobsled,n02860847
544,imagenet_random_00132_n02672831_c0401.JPEG,0.6456978321,401,accordion,n02672831
545,imagenet_random_02133_n02704792_c0408.JPEG,0.6452403069,408,amphibian,n02704792
546,imagenet_random_01469_n02843684_c0448.JPEG,0.6449775696,448,birdhouse,n02843684
547,imagenet_random_01715_n02782093_c0417.JPEG,0.6449686289,417,balloon,n02782093
548,imagenet_random_02624_n02894605_c0460.JPEG,0.6449117661,460,breakwater,n02894605
549,imagenet_random_00888_n02669723_c0400.JPEG,0.6444805861,400,academic gown,n02669723
550,imagenet_random_01482_n02799071_c0429.JPEG,0.6443980932,429,baseball,n02799071
551,imagenet_random_03016_n02951358_c0472.JPEG,0.6442676187,472,canoe,n02951358
552,imagenet_random_04257_n02988304_c0485.JPEG,0.6440198421,485,CD player,n02988304
553,imagenet_random_04941_n03095699_c0510.JPEG,0.6435562372,510,container ship,n03095699
554,imagenet_random_00674_n02794156_c0426.JPEG,0.6431121230,426,barometer,n02794156
555,imagenet_random_02617_n02917067_c0466.JPEG,0.6430821419,466,bullet train,n02917067
556,imagenet_random_02601_n02939185_c0469.JPEG,0.6427325010,469,caldron,n02939185
557,imagenet_random_02898_n02916936_c0465.JPEG,0.6424502134,465,bulletproof vest,n02916936
558,imagenet_random_02618_n02927161_c0467.JPEG,0.6421548724,467,butcher shop,n02927161
559,imagenet_random_00515_n02799071_c0429.JPEG,0.6419565082,429,baseball,n02799071
560,imagenet_random_02643_n02892767_c0459.JPEG,0.6419547200,459,brassiere,n02892767
561,imagenet_random_01077_n02804610_c0432.JPEG,0.6417910457,432,bassoon,n02804610
562,imagenet_random_01138_n02788148_c0421.JPEG,0.6417275071,421,bannister,n02788148
563,imagenet_random_00304_n02793495_c0425.JPEG,0.6410659552,425,barn,n02793495
564,imagenet_random_04541_n02980441_c0483.JPEG,0.6409544349,483,castle,n02980441
565,imagenet_random_04388_n03047690_c0502.JPEG,0.6403948069,502,clog,n03047690
566,imagenet_random_00235_n02769748_c0414.JPEG,0.6403348446,414,backpack,n02769748
567,imagenet_random_01648_n02786058_c0419.JPEG,0.6401725411,419,Band Aid,n02786058
568,imagenet_random_04366_n02950826_c0471.JPEG,0.6401018500,471,cannon,n02950826
569,imagenet_random_00726_n02807133_c0433.JPEG,0.6400117278,433,bathing cap,n02807133
570,imagenet_random_02527_n02804610_c0432.JPEG,0.6399982572,432,bassoon,n02804610
571,imagenet_random_00931_n02791270_c0424.JPEG,0.6397241354,424,barbershop,n02791270
572,imagenet_random_01528_n02669723_c0400.JPEG,0.6396305561,400,academic gown,n02669723
573,imagenet_random_03630_n02988304_c0485.JPEG,0.6394875050,485,CD player,n02988304
574,imagenet_random_04283_n02977058_c0480.JPEG,0.6393706203,480,cash machine,n02977058
575,imagenet_random_02915_n02966193_c0476.JPEG,0.6393063068,476,carousel,n02966193
576,imagenet_random_03167_n02917067_c0466.JPEG,0.6390199065,466,bullet train,n02917067
577,imagenet_random_04331_n03042490_c0500.JPEG,0.6387646794,500,cliff dwelling,n03042490
578,imagenet_random_00387_n02777292_c0416.JPEG,0.6386390328,416,balance beam,n02777292
579,imagenet_random_01092_n02777292_c0416.JPEG,0.6386032104,416,balance beam,n02777292
580,imagenet_random_02497_n02782093_c0417.JPEG,0.6384975910,417,balloon,n02782093
581,imagenet_random_04177_n02791270_c0424.JPEG,0.6383683085,424,barbershop,n02791270
582,imagenet_random_03201_n02951358_c0472.JPEG,0.6383533478,472,canoe,n02951358
583,imagenet_random_02419_n02817516_c0439.JPEG,0.6380923390,439,bearskin,n02817516
584,imagenet_random_03697_n02999410_c0488.JPEG,0.6375727057,488,chain,n02999410
585,imagenet_random_03574_n02927161_c0467.JPEG,0.6373866200,467,butcher shop,n02927161
586,imagenet_random_00650_n02708093_c0409.JPEG,0.6373269558,409,analog clock,n02708093
587,imagenet_random_01393_n02823428_c0440.JPEG,0.6371834874,440,beer bottle,n02823428
588,imagenet_random_03896_n03018349_c0495.JPEG,0.6371666193,495,china cabinet,n03018349
589,imagenet_random_00350_n02727426_c0410.JPEG,0.6371185780,410,apiary,n02727426
590,imagenet_random_02793_n02965783_c0475.JPEG,0.6366469860,475,car mirror,n02965783
591,imagenet_random_03304_n02980441_c0483.JPEG,0.6355972290,483,castle,n02980441
592,imagenet_random_01427_n02840245_c0446.JPEG,0.6354203224,446,binder,n02840245
593,imagenet_random_03558_n02916936_c0465.JPEG,0.6354166269,465,bulletproof vest,n02916936
594,imagenet_random_03125_n02870880_c0453.JPEG,0.6349800825,453,bookcase,n02870880
595,imagenet_random_03282_n02950826_c0471.JPEG,0.6349250078,471,cannon,n02950826
596,imagenet_random_02372_n02883205_c0457.JPEG,0.6348611712,457,bow tie,n02883205
597,imagenet_random_03595_n02992529_c0487.JPEG,0.6347261071,487,cellular telephone,n02992529
598,imagenet_random_04787_n03026506_c0496.JPEG,0.6346638203,496,Christmas stocking,n03026506
599,imagenet_random_03939_n03032252_c0498.JPEG,0.6344651580,498,cinema,n03032252
600,imagenet_random_00358_n02791124_c0423.JPEG,0.6344479322,423,barber chair,n02791124
601,imagenet_random_01049_n02815834_c0438.JPEG,0.6339612007,438,beaker,n02815834
602,imagenet_random_04321_n03047690_c0502.JPEG,0.6335526109,502,clog,n03047690
603,imagenet_random_03945_n03028079_c0497.JPEG,0.6334803104,497,church,n03028079
604,imagenet_random_00178_n02783161_c0418.JPEG,0.6334285140,418,ballpoint,n02783161
605,imagenet_random_03596_n02978881_c0481.JPEG,0.6333355308,481,cassette,n02978881
606,imagenet_random_00662_n02669723_c0400.JPEG,0.6332484484,400,academic gown,n02669723
607,imagenet_random_00221_n02708093_c0409.JPEG,0.6330668926,409,analog clock,n02708093
608,imagenet_random_00513_n02777292_c0416.JPEG,0.6317694187,416,balance beam,n02777292
609,imagenet_random_00566_n02690373_c0404.JPEG,0.6315621734,404,airliner,n02690373
610,imagenet_random_02387_n02877765_c0455.JPEG,0.6315483451,455,bottlecap,n02877765
611,imagenet_random_04439_n03085013_c0508.JPEG,0.6312433481,508,computer keyboard,n03085013
612,imagenet_random_01894_n02841315_c0447.JPEG,0.6312189698,447,binoculars,n02841315
613,imagenet_random_02995_n02787622_c0420.JPEG,0.6311335564,420,banjo,n02787622
614,imagenet_random_00370_n02699494_c0406.JPEG,0.6308673620,406,altar,n02699494
615,imagenet_random_00022_n02687172_c0403.JPEG,0.6307904720,403,aircraft carrier,n02687172
616,imagenet_random_01377_n02776631_c0415.JPEG,0.6306086779,415,bakery,n02776631
617,imagenet_random_02721_n02951358_c0472.JPEG,0.6304831505,472,canoe,n02951358
618,imagenet_random_01093_n02701002_c0407.JPEG,0.6304197311,407,ambulance,n02701002
619,imagenet_random_02370_n02917067_c0466.JPEG,0.6302846670,466,bullet train,n02917067
620,imagenet_random_00542_n02788148_c0421.JPEG,0.6302714348,421,bannister,n02788148
621,imagenet_random_00716_n02727426_c0410.JPEG,0.6300910115,410,apiary,n02727426
622,imagenet_random_01979_n02869837_c0452.JPEG,0.6299875379,452,bonnet,n02869837
623,imagenet_random_02528_n02917067_c0466.JPEG,0.6299207211,466,bullet train,n02917067
624,imagenet_random_02655_n02823428_c0440.JPEG,0.6295145154,440,beer bottle,n02823428
625,imagenet_random_01135_n02791124_c0423.JPEG,0.6294961572,423,barber chair,n02791124
626,imagenet_random_04721_n02966193_c0476.JPEG,0.6294537783,476,carousel,n02966193
627,imagenet_random_00146_n02669723_c0400.JPEG,0.6284189820,400,academic gown,n02669723
628,imagenet_random_01874_n02817516_c0439.JPEG,0.6283810735,439,bearskin,n02817516
629,imagenet_random_01717_n02804610_c0432.JPEG,0.6282980442,432,bassoon,n02804610
630,imagenet_random_01089_n02794156_c0426.JPEG,0.6277457476,426,barometer,n02794156
631,imagenet_random_03967_n03017168_c0494.JPEG,0.6276712418,494,chime,n03017168
632,imagenet_random_01662_n02843684_c0448.JPEG,0.6273478866,448,birdhouse,n02843684
633,imagenet_random_03367_n02892767_c0459.JPEG,0.6268823743,459,brassiere,n02892767
634,imagenet_random_04730_n02865351_c0451.JPEG,0.6266322136,451,bolo tie,n02865351
635,imagenet_random_01059_n02802426_c0430.JPEG,0.6262714863,430,basketball,n02802426
636,imagenet_random_04589_n03095699_c0510.JPEG,0.6261216998,510,container ship,n03095699
637,imagenet_random_03314_n02992211_c0486.JPEG,0.6255838275,486,cello,n02992211
638,imagenet_random_00222_n02769748_c0414.JPEG,0.6254992485,414,backpack,n02769748
639,imagenet_random_00427_n02790996_c0422.JPEG,0.6253630519,422,barbell,n02790996
640,imagenet_random_00758_n02791270_c0424.JPEG,0.6253597140,424,barbershop,n02791270
641,imagenet_random_02908_n02966193_c0476.JPEG,0.6252263188,476,carousel,n02966193
642,imagenet_random_01591_n02841315_c0447.JPEG,0.6252068877,447,binoculars,n02841315
643,imagenet_random_00410_n02687172_c0403.JPEG,0.6251266003,403,aircraft carrier,n02687172
644,imagenet_random_02880_n02965783_c0475.JPEG,0.6249374151,475,car mirror,n02965783
645,imagenet_random_03597_n02950826_c0471.JPEG,0.6247553825,471,cannon,n02950826
646,imagenet_random_00167_n02687172_c0403.JPEG,0.6247282028,403,aircraft carrier,n02687172
647,imagenet_random_02994_n02971356_c0478.JPEG,0.6247009635,478,carton,n02971356
648,imagenet_random_03699_n02992211_c0486.JPEG,0.6246230602,486,cello,n02992211
649,imagenet_random_02894_n02930766_c0468.JPEG,0.6245375276,468,cab,n02930766
650,imagenet_random_01727_n02860847_c0450.JPEG,0.6244834661,450,bobsled,n02860847
651,imagenet_random_03510_n02966193_c0476.JPEG,0.6244609952,476,carousel,n02966193
652,imagenet_random_01731_n02835271_c0444.JPEG,0.6239998341,444,bicycle-built-for-two,n02835271
653,imagenet_random_03307_n02879718_c0456.JPEG,0.6238690615,456,bow,n02879718
654,imagenet_random_00244_n02747177_c0412.JPEG,0.6238355637,412,ashcan,n02747177
655,imagenet_random_03839_n02892201_c0458.JPEG,0.6238166094,458,brass,n02892201
656,imagenet_random_01539_n02835271_c0444.JPEG,0.6237729192,444,bicycle-built-for-two,n02835271
657,imagenet_random_01549_n02837789_c0445.JPEG,0.6236380935,445,bikini,n02837789
658,imagenet_random_02439_n02823428_c0440.JPEG,0.6233325601,440,beer bottle,n02823428
659,imagenet_random_01696_n02708093_c0409.JPEG,0.6232033968,409,analog clock,n02708093
660,imagenet_random_03057_n02869837_c0452.JPEG,0.6230317354,452,bonnet,n02869837
661,imagenet_random_00264_n02786058_c0419.JPEG,0.6229531765,419,Band Aid,n02786058
662,imagenet_random_02162_n02895154_c0461.JPEG,0.6224792600,461,breastplate,n02895154
663,imagenet_random_03901_n02837789_c0445.JPEG,0.6219854355,445,bikini,n02837789
664,imagenet_random_03063_n02971356_c0478.JPEG,0.6217460632,478,carton,n02971356
665,imagenet_random_03468_n02883205_c0457.JPEG,0.6215345263,457,bow tie,n02883205
666,imagenet_random_02611_n02834397_c0443.JPEG,0.6214332581,443,bib,n02834397
667,imagenet_random_02100_n02815834_c0438.JPEG,0.6213003397,438,beaker,n02815834
668,imagenet_random_02238_n02843684_c0448.JPEG,0.6212291718,448,birdhouse,n02843684
669,imagenet_random_04116_n03028079_c0497.JPEG,0.6207332611,497,church,n03028079
670,imagenet_random_00907_n02687172_c0403.JPEG,0.6205333471,403,aircraft carrier,n02687172
671,imagenet_random_01772_n02701002_c0407.JPEG,0.6199356318,407,ambulance,n02701002
672,imagenet_random_02644_n02910353_c0464.JPEG,0.6198817492,464,buckle,n02910353
673,imagenet_random_04766_n02910353_c0464.JPEG,0.6193922162,464,buckle,n02910353
674,imagenet_random_02584_n02841315_c0447.JPEG,0.6192726493,447,binoculars,n02841315
675,imagenet_random_01001_n02804610_c0432.JPEG,0.6190670133,432,bassoon,n02804610
676,imagenet_random_01594_n02817516_c0439.JPEG,0.6189783216,439,bearskin,n02817516
677,imagenet_random_02410_n02892201_c0458.JPEG,0.6184991598,458,brass,n02892201
678,imagenet_random_00600_n02747177_c0412.JPEG,0.6184861660,412,ashcan,n02747177
679,imagenet_random_03312_n02977058_c0480.JPEG,0.6183820367,480,cash machine,n02977058
680,imagenet_random_00617_n02793495_c0425.JPEG,0.6182994843,425,barn,n02793495
681,imagenet_random_00937_n02799071_c0429.JPEG,0.6182609797,429,baseball,n02799071
682,imagenet_random_04551_n03065424_c0506.JPEG,0.6177504063,506,coil,n03065424
683,imagenet_random_02610_n02950826_c0471.JPEG,0.6176500320,471,cannon,n02950826
684,imagenet_random_00072_n02708093_c0409.JPEG,0.6172541976,409,analog clock,n02708093
685,imagenet_random_00920_n02782093_c0417.JPEG,0.6169372201,417,balloon,n02782093
686,imagenet_random_04851_n03047690_c0502.JPEG,0.6169370413,502,clog,n03047690
687,imagenet_random_04357_n02692877_c0405.JPEG,0.6168884039,405,airship,n02692877
688,imagenet_random_02871_n02966193_c0476.JPEG,0.6167343259,476,carousel,n02966193
689,imagenet_random_02068_n02860847_c0450.JPEG,0.6167326570,450,bobsled,n02860847
690,imagenet_random_03475_n02980441_c0483.JPEG,0.6162789464,483,castle,n02980441
691,imagenet_random_03783_n03017168_c0494.JPEG,0.6160928607,494,chime,n03017168
692,imagenet_random_04300_n02981792_c0484.JPEG,0.6159987450,484,catamaran,n02981792
693,imagenet_random_04015_n03000247_c0490.JPEG,0.6156554222,490,chain mail,n03000247
694,imagenet_random_00290_n02777292_c0416.JPEG,0.6154006720,416,balance beam,n02777292
695,imagenet_random_04165_n02951358_c0472.JPEG,0.6153312325,472,canoe,n02951358
696,imagenet_random_02161_n02892201_c0458.JPEG,0.6151539087,458,brass,n02892201
697,imagenet_random_03576_n02871525_c0454.JPEG,0.6150462031,454,bookshop,n02871525
698,imagenet_random_03407_n02951585_c0473.JPEG,0.6148602962,473,can opener,n02951585
699,imagenet_random_03138_n02948072_c0470.JPEG,0.6148388386,470,candle,n02948072
700,imagenet_random_04080_n03026506_c0496.JPEG,0.6146302223,496,Christmas stocking,n03026506
701,imagenet_random_02893_n02909870_c0463.JPEG,0.6146034002,463,bucket,n02909870
702,imagenet_random_00980_n02730930_c0411.JPEG,0.6144967079,411,apron,n02730930
703,imagenet_random_03771_n03014705_c0492.JPEG,0.6144025922,492,chest,n03014705
704,imagenet_random_02300_n02870880_c0453.JPEG,0.6141555309,453,bookcase,n02870880
705,imagenet_random_01027_n02797295_c0428.JPEG,0.6140394211,428,barrow,n02797295
706,imagenet_random_04428_n03065424_c0506.JPEG,0.6135759950,506,coil,n03065424
707,imagenet_random_03213_n02966193_c0476.JPEG,0.6135248542,476,carousel,n02966193
708,imagenet_random_02912_n02790996_c0422.JPEG,0.6134884357,422,barbell,n02790996
709,imagenet_random_03129_n02966193_c0476.JPEG,0.6129975915,476,carousel,n02966193
710,imagenet_random_00639_n02804414_c0431.JPEG,0.6128233075,431,bassinet,n02804414
711,imagenet_random_01660_n02865351_c0451.JPEG,0.6123925447,451,bolo tie,n02865351
712,imagenet_random_01234_n02825657_c0442.JPEG,0.6123866439,442,bell cote,n02825657
713,imagenet_random_01303_n02782093_c0417.JPEG,0.6123158932,417,balloon,n02782093
714,imagenet_random_04926_n02927161_c0467.JPEG,0.6119752526,467,butcher shop,n02927161
715,imagenet_random_03023_n02963159_c0474.JPEG,0.6119175553,474,cardigan,n02963159
716,imagenet_random_02266_n02860847_c0450.JPEG,0.6119034886,450,bobsled,n02860847
717,imagenet_random_04585_n03028079_c0497.JPEG,0.6112602353,497,church,n03028079
718,imagenet_random_03568_n02951358_c0472.JPEG,0.6111856699,472,canoe,n02951358
719,imagenet_random_01544_n02859443_c0449.JPEG,0.6109855771,449,boathouse,n02859443
720,imagenet_random_04403_n02793495_c0425.JPEG,0.6108737588,425,barn,n02793495
721,imagenet_random_01272_n02825657_c0442.JPEG,0.6107696891,442,bell cote,n02825657
722,imagenet_random_00393_n02747177_c0412.JPEG,0.6107469201,412,ashcan,n02747177
723,imagenet_random_04763_n03014705_c0492.JPEG,0.6106906533,492,chest,n03014705
724,imagenet_random_02377_n02910353_c0464.JPEG,0.6102029085,464,buckle,n02910353
725,imagenet_random_04490_n03018349_c0495.JPEG,0.6101589203,495,china cabinet,n03018349
726,imagenet_random_00909_n02672831_c0401.JPEG,0.6101009250,401,accordion,n02672831
727,imagenet_random_03310_n02966193_c0476.JPEG,0.6097541451,476,carousel,n02966193
728,imagenet_random_03830_n02981792_c0484.JPEG,0.6097346544,484,catamaran,n02981792
729,imagenet_random_02927_n02950826_c0471.JPEG,0.6095683575,471,cannon,n02950826
730,imagenet_random_04536_n03018349_c0495.JPEG,0.6093487144,495,china cabinet,n03018349
731,imagenet_random_04466_n03065424_c0506.JPEG,0.6093192697,506,coil,n03065424
732,imagenet_random_00883_n02802426_c0430.JPEG,0.6092962623,430,basketball,n02802426
733,imagenet_random_03366_n02971356_c0478.JPEG,0.6086528301,478,carton,n02971356
734,imagenet_random_04918_n03124170_c0515.JPEG,0.6083608866,515,cowboy hat,n03124170
735,imagenet_random_01934_n02802426_c0430.JPEG,0.6077354550,430,basketball,n02802426
736,imagenet_random_02188_n02894605_c0460.JPEG,0.6077067852,460,breakwater,n02894605
737,imagenet_random_02381_n02840245_c0446.JPEG,0.6074888110,446,binder,n02840245
738,imagenet_random_03887_n03018349_c0495.JPEG,0.6068648696,495,china cabinet,n03018349
739,imagenet_random_01002_n02730930_c0411.JPEG,0.6067629457,411,apron,n02730930
740,imagenet_random_04655_n02977058_c0480.JPEG,0.6065596342,480,cash machine,n02977058
741,imagenet_random_02391_n02910353_c0464.JPEG,0.6060773134,464,buckle,n02910353
742,imagenet_random_02854_n02951358_c0472.JPEG,0.6060351133,472,canoe,n02951358
743,imagenet_random_01552_n02840245_c0446.JPEG,0.6055790782,446,binder,n02840245
744,imagenet_random_04405_n02977058_c0480.JPEG,0.6050416231,480,cash machine,n02977058
745,imagenet_random_00496_n02794156_c0426.JPEG,0.6049802303,426,barometer,n02794156
746,imagenet_random_01453_n02817516_c0439.JPEG,0.6049246788,439,bearskin,n02817516
747,imagenet_random_00704_n02788148_c0421.JPEG,0.6048465371,421,bannister,n02788148
748,imagenet_random_00892_n02808304_c0434.JPEG,0.6046766639,434,bath towel,n02808304
749,imagenet_random_02727_n02894605_c0460.JPEG,0.6044546366,460,breakwater,n02894605
750,imagenet_random_04374_n03062245_c0503.JPEG,0.6043870449,503,cocktail shaker,n03062245
751,imagenet_random_01484_n02704792_c0408.JPEG,0.6043040752,408,amphibian,n02704792
752,imagenet_random_04835_n03018349_c0495.JPEG,0.6042778492,495,china cabinet,n03018349
753,imagenet_random_04293_n02966193_c0476.JPEG,0.6042516232,476,carousel,n02966193
754,imagenet_random_03075_n02977058_c0480.JPEG,0.6035555005,480,cash machine,n02977058
755,imagenet_random_03004_n02966193_c0476.JPEG,0.6033852100,476,carousel,n02966193
756,imagenet_random_02075_n02883205_c0457.JPEG,0.6031894684,457,bow tie,n02883205
757,imagenet_random_01112_n02802426_c0430.JPEG,0.6031163931,430,basketball,n02802426
758,imagenet_random_03037_n02835271_c0444.JPEG,0.6030590534,444,bicycle-built-for-two,n02835271
759,imagenet_random_01877_n02865351_c0451.JPEG,0.6027601957,451,bolo tie,n02865351
760,imagenet_random_04166_n02804610_c0432.JPEG,0.6022146344,432,bassoon,n02804610
761,imagenet_random_04594_n02971356_c0478.JPEG,0.6014707685,478,carton,n02971356
762,imagenet_random_01246_n02782093_c0417.JPEG,0.6009942293,417,balloon,n02782093
763,imagenet_random_01796_n02794156_c0426.JPEG,0.6002359986,426,barometer,n02794156
764,imagenet_random_02633_n02951358_c0472.JPEG,0.5999721885,472,canoe,n02951358
765,imagenet_random_03520_n02951358_c0472.JPEG,0.5996863842,472,canoe,n02951358
766,imagenet_random_03091_n02951358_c0472.JPEG,0.5994965434,472,canoe,n02951358
767,imagenet_random_00637_n02797295_c0428.JPEG,0.5992736816,428,barrow,n02797295
768,imagenet_random_03720_n03000684_c0491.JPEG,0.5992056131,491,chain saw,n03000684
769,imagenet_random_03441_n02834397_c0443.JPEG,0.5991678834,443,bib,n02834397
770,imagenet_random_04243_n03042490_c0500.JPEG,0.5990390182,500,cliff dwelling,n03042490
771,imagenet_random_04758_n03026506_c0496.JPEG,0.5986965299,496,Christmas stocking,n03026506
772,imagenet_random_04491_n03032252_c0498.JPEG,0.5986846685,498,cinema,n03032252
773,imagenet_random_04298_n02892201_c0458.JPEG,0.5986154079,458,brass,n02892201
774,imagenet_random_01192_n02793495_c0425.JPEG,0.5984050035,425,barn,n02793495
775,imagenet_random_04764_n03109150_c0512.JPEG,0.5982653499,512,corkscrew,n03109150
776,imagenet_random_01301_n02704792_c0408.JPEG,0.5976744294,408,amphibian,n02704792
777,imagenet_random_02006_n02892201_c0458.JPEG,0.5975208879,458,brass,n02892201
778,imagenet_random_03165_n02948072_c0470.JPEG,0.5974979401,470,candle,n02948072
779,imagenet_random_03797_n02906734_c0462.JPEG,0.5974863768,462,broom,n02906734
780,imagenet_random_03049_n02869837_c0452.JPEG,0.5972205400,452,bonnet,n02869837
781,imagenet_random_04505_n03063689_c0505.JPEG,0.5970963240,505,coffeepot,n03063689
782,imagenet_random_00034_n02782093_c0417.JPEG,0.5970574617,417,balloon,n02782093
783,imagenet_random_04328_n02860847_c0450.JPEG,0.5969951153,450,bobsled,n02860847
784,imagenet_random_01559_n02840245_c0446.JPEG,0.5969393849,446,binder,n02840245
785,imagenet_random_03819_n02917067_c0466.JPEG,0.5964509845,466,bullet train,n02917067
786,imagenet_random_02229_n02841315_c0447.JPEG,0.5963130593,447,binoculars,n02841315
787,imagenet_random_01543_n02730930_c0411.JPEG,0.5960648656,411,apron,n02730930
788,imagenet_random_02343_n02808440_c0435.JPEG,0.5960252881,435,bathtub,n02808440
789,imagenet_random_00432_n02777292_c0416.JPEG,0.5955968499,416,balance beam,n02777292
790,imagenet_random_00923_n02676566_c0402.JPEG,0.5955767632,402,acoustic guitar,n02676566
791,imagenet_random_04720_n02869837_c0452.JPEG,0.5954636931,452,bonnet,n02869837
792,imagenet_random_01597_n02807133_c0433.JPEG,0.5952731371,433,bathing cap,n02807133
793,imagenet_random_04643_n03032252_c0498.JPEG,0.5951758623,498,cinema,n03032252
794,imagenet_random_04844_n03095699_c0510.JPEG,0.5950688124,510,container ship,n03095699
795,imagenet_random_02131_n02870880_c0453.JPEG,0.5949535966,453,bookcase,n02870880
796,imagenet_random_03964_n02966193_c0476.JPEG,0.5946751833,476,carousel,n02966193
797,imagenet_random_02198_n02730930_c0411.JPEG,0.5945138335,411,apron,n02730930
798,imagenet_random_04058_n02966687_c0477.JPEG,0.5944206715,477,carpenter's kit,n02966687
799,imagenet_random_00027_n02777292_c0416.JPEG,0.5941243172,416,balance beam,n02777292
800,imagenet_random_00422_n02776631_c0415.JPEG,0.5940608382,415,bakery,n02776631
801,imagenet_random_01163_n02825657_c0442.JPEG,0.5938605666,442,bell cote,n02825657
802,imagenet_random_02547_n02883205_c0457.JPEG,0.5937976837,457,bow tie,n02883205
803,imagenet_random_04534_n02865351_c0451.JPEG,0.5936216712,451,bolo tie,n02865351
804,imagenet_random_00720_n02804610_c0432.JPEG,0.5935957432,432,bassoon,n02804610
805,imagenet_random_04297_n03014705_c0492.JPEG,0.5934327245,492,chest,n03014705
806,imagenet_random_01126_n02814533_c0436.JPEG,0.5932977796,436,beach wagon,n02814533
807,imagenet_random_01989_n02802426_c0430.JPEG,0.5930630565,430,basketball,n02802426
808,imagenet_random_01611_n02814533_c0436.JPEG,0.5930373073,436,beach wagon,n02814533
809,imagenet_random_02321_n02790996_c0422.JPEG,0.5930083990,422,barbell,n02790996
810,imagenet_random_04472_n03063599_c0504.JPEG,0.5928826928,504,coffee mug,n03063599
811,imagenet_random_03313_n02977058_c0480.JPEG,0.5928234458,480,cash machine,n02977058
812,imagenet_random_00817_n02804414_c0431.JPEG,0.5926863551,431,bassinet,n02804414
813,imagenet_random_01211_n02807133_c0433.JPEG,0.5926302075,433,bathing cap,n02807133
814,imagenet_random_00734_n02690373_c0404.JPEG,0.5922880769,404,airliner,n02690373
815,imagenet_random_01665_n02840245_c0446.JPEG,0.5919320583,446,binder,n02840245
816,imagenet_random_03854_n02966193_c0476.JPEG,0.5916531086,476,carousel,n02966193
817,imagenet_random_00098_n02747177_c0412.JPEG,0.5914021730,412,ashcan,n02747177
818,imagenet_random_02817_n02802426_c0430.JPEG,0.5913540721,430,basketball,n02802426
819,imagenet_random_04972_n02980441_c0483.JPEG,0.5911746621,483,castle,n02980441
820,imagenet_random_01208_n02802426_c0430.JPEG,0.5907731056,430,basketball,n02802426
821,imagenet_random_03205_n02870880_c0453.JPEG,0.5903218389,453,bookcase,n02870880
822,imagenet_random_02003_n02815834_c0438.JPEG,0.5900833011,438,beaker,n02815834
823,imagenet_random_02329_n02892201_c0458.JPEG,0.5899834633,458,brass,n02892201
824,imagenet_random_00676_n02730930_c0411.JPEG,0.5899451375,411,apron,n02730930
825,imagenet_random_00201_n02783161_c0418.JPEG,0.5898503661,418,ballpoint,n02783161
826,imagenet_random_00493_n02747177_c0412.JPEG,0.5898216963,412,ashcan,n02747177
827,imagenet_random_00242_n02787622_c0420.JPEG,0.5898061991,420,banjo,n02787622
828,imagenet_random_04537_n02966687_c0477.JPEG,0.5897148848,477,carpenter's kit,n02966687
829,imagenet_random_01860_n02859443_c0449.JPEG,0.5895944238,449,boathouse,n02859443
830,imagenet_random_03965_n02951585_c0473.JPEG,0.5894700289,473,can opener,n02951585
831,imagenet_random_00492_n02776631_c0415.JPEG,0.5894381404,415,bakery,n02776631
832,imagenet_random_04955_n02974003_c0479.JPEG,0.5893864632,479,car wheel,n02974003
833,imagenet_random_04999_n03126707_c0517.JPEG,0.5893791914,517,crane,n03126707
834,imagenet_random_04795_n03042490_c0500.JPEG,0.5891429186,500,cliff dwelling,n03042490
835,imagenet_random_01158_n02701002_c0407.JPEG,0.5887297988,407,ambulance,n02701002
836,imagenet_random_02555_n02948072_c0470.JPEG,0.5886223912,470,candle,n02948072
837,imagenet_random_03417_n02927161_c0467.JPEG,0.5884116888,467,butcher shop,n02927161
838,imagenet_random_02178_n02877765_c0455.JPEG,0.5878489614,455,bottlecap,n02877765
839,imagenet_random_04610_n03095699_c0510.JPEG,0.5877753496,510,container ship,n03095699
840,imagenet_random_03870_n03028079_c0497.JPEG,0.5877398849,497,church,n03028079
841,imagenet_random_04803_n02966193_c0476.JPEG,0.5876641273,476,carousel,n02966193
842,imagenet_random_03029_n02930766_c0468.JPEG,0.5871751308,468,cab,n02930766
843,imagenet_random_04251_n02930766_c0468.JPEG,0.5870866179,468,cab,n02930766
844,imagenet_random_03506_n02965783_c0475.JPEG,0.5868703723,475,car mirror,n02965783
845,imagenet_random_00344_n02788148_c0421.JPEG,0.5867255926,421,bannister,n02788148
846,imagenet_random_02656_n02825657_c0442.JPEG,0.5867250562,442,bell cote,n02825657
847,imagenet_random_00144_n02786058_c0419.JPEG,0.5864474177,419,Band Aid,n02786058
848,imagenet_random_01779_n02814533_c0436.JPEG,0.5861833096,436,beach wagon,n02814533
849,imagenet_random_00609_n02782093_c0417.JPEG,0.5861219168,417,balloon,n02782093
850,imagenet_random_02112_n02860847_c0450.JPEG,0.5860514641,450,bobsled,n02860847
851,imagenet_random_00994_n02727426_c0410.JPEG,0.5858486295,410,apiary,n02727426
852,imagenet_random_00234_n02708093_c0409.JPEG,0.5857471824,409,analog clock,n02708093
853,imagenet_random_00559_n02782093_c0417.JPEG,0.5856766105,417,balloon,n02782093
854,imagenet_random_01406_n02790996_c0422.JPEG,0.5854564309,422,barbell,n02790996
855,imagenet_random_03801_n03018349_c0495.JPEG,0.5848503709,495,china cabinet,n03018349
856,imagenet_random_03158_n02906734_c0462.JPEG,0.5845838785,462,broom,n02906734
857,imagenet_random_03202_n02906734_c0462.JPEG,0.5843089223,462,broom,n02906734
858,imagenet_random_02432_n02927161_c0467.JPEG,0.5842893124,467,butcher shop,n02927161
859,imagenet_random_01845_n02817516_c0439.JPEG,0.5842871070,439,bearskin,n02817516
860,imagenet_random_00701_n02804610_c0432.JPEG,0.5840210915,432,bassoon,n02804610
861,imagenet_random_01828_n02825657_c0442.JPEG,0.5837553740,442,bell cote,n02825657
862,imagenet_random_03823_n02871525_c0454.JPEG,0.5831059217,454,bookshop,n02871525
863,imagenet_random_02413_n02877765_c0455.JPEG,0.5828667879,455,bottlecap,n02877765
864,imagenet_random_04859_n02930766_c0468.JPEG,0.5828202963,468,cab,n02930766
865,imagenet_random_01795_n02807133_c0433.JPEG,0.5827649236,433,bathing cap,n02807133
866,imagenet_random_02892_n02965783_c0475.JPEG,0.5824892521,475,car mirror,n02965783
867,imagenet_random_04295_n02981792_c0484.JPEG,0.5824620128,484,catamaran,n02981792
868,imagenet_random_01886_n02835271_c0444.JPEG,0.5821649432,444,bicycle-built-for-two,n02835271
869,imagenet_random_03526_n02965783_c0475.JPEG,0.5818935633,475,car mirror,n02965783
870,imagenet_random_01848_n02870880_c0453.JPEG,0.5817670822,453,bookcase,n02870880
871,imagenet_random_01630_n02859443_c0449.JPEG,0.5817570686,449,boathouse,n02859443
872,imagenet_random_01083_n02808440_c0435.JPEG,0.5816138983,435,bathtub,n02808440
873,imagenet_random_03667_n02939185_c0469.JPEG,0.5814291239,469,caldron,n02939185
874,imagenet_random_03123_n02894605_c0460.JPEG,0.5813531280,460,breakwater,n02894605
875,imagenet_random_01119_n02804414_c0431.JPEG,0.5812782645,431,bassinet,n02804414
876,imagenet_random_04731_n03063599_c0504.JPEG,0.5812230110,504,coffee mug,n03063599
877,imagenet_random_04401_n02992211_c0486.JPEG,0.5807902813,486,cello,n02992211
878,imagenet_random_00659_n02788148_c0421.JPEG,0.5807617903,421,bannister,n02788148
879,imagenet_random_01510_n02859443_c0449.JPEG,0.5806556344,449,boathouse,n02859443
880,imagenet_random_01369_n02817516_c0439.JPEG,0.5804183483,439,bearskin,n02817516
881,imagenet_random_01358_n02793495_c0425.JPEG,0.5804143548,425,barn,n02793495
882,imagenet_random_03798_n02877765_c0455.JPEG,0.5803641081,455,bottlecap,n02877765
883,imagenet_random_00956_n02704792_c0408.JPEG,0.5802715421,408,amphibian,n02704792
884,imagenet_random_03725_n02965783_c0475.JPEG,0.5802654624,475,car mirror,n02965783
885,imagenet_random_02380_n02883205_c0457.JPEG,0.5802509785,457,bow tie,n02883205
886,imagenet_random_03359_n02727426_c0410.JPEG,0.5801903605,410,apiary,n02727426
887,imagenet_random_04791_n02894605_c0460.JPEG,0.5801295042,460,breakwater,n02894605
888,imagenet_random_01241_n02814533_c0436.JPEG,0.5801291466,436,beach wagon,n02814533
889,imagenet_random_03903_n02870880_c0453.JPEG,0.5801013112,453,bookcase,n02870880
890,imagenet_random_04860_n02980441_c0483.JPEG,0.5800862908,483,castle,n02980441
891,imagenet_random_02023_n02808304_c0434.JPEG,0.5799185634,434,bath towel,n02808304
892,imagenet_random_02409_n02917067_c0466.JPEG,0.5798655152,466,bullet train,n02917067
893,imagenet_random_03499_n02894605_c0460.JPEG,0.5798161030,460,breakwater,n02894605
894,imagenet_random_01517_n02837789_c0445.JPEG,0.5795284510,445,bikini,n02837789
895,imagenet_random_01530_n02787622_c0420.JPEG,0.5793497562,420,banjo,n02787622
896,imagenet_random_03045_n02782093_c0417.JPEG,0.5791800618,417,balloon,n02782093
897,imagenet_random_00426_n02782093_c0417.JPEG,0.5790863037,417,balloon,n02782093
898,imagenet_random_03724_n02879718_c0456.JPEG,0.5784673095,456,bow,n02879718
899,imagenet_random_04308_n03026506_c0496.JPEG,0.5784356594,496,Christmas stocking,n03026506
900,imagenet_random_03275_n02951358_c0472.JPEG,0.5783367157,472,canoe,n02951358
901,imagenet_random_03838_n02892201_c0458.JPEG,0.5782245994,458,brass,n02892201
902,imagenet_random_00953_n02704792_c0408.JPEG,0.5779173970,408,amphibian,n02704792
903,imagenet_random_02216_n02787622_c0420.JPEG,0.5776950121,420,banjo,n02787622
904,imagenet_random_02918_n02865351_c0451.JPEG,0.5776727796,451,bolo tie,n02865351
905,imagenet_random_00622_n02802426_c0430.JPEG,0.5775124431,430,basketball,n02802426
906,imagenet_random_01962_n02834397_c0443.JPEG,0.5774419904,443,bib,n02834397
907,imagenet_random_00398_n02692877_c0405.JPEG,0.5771853328,405,airship,n02692877
908,imagenet_random_04914_n02892201_c0458.JPEG,0.5771394968,458,brass,n02892201
909,imagenet_random_04550_n03063689_c0505.JPEG,0.5769355893,505,coffeepot,n03063689
910,imagenet_random_03328_n02978881_c0481.JPEG,0.5767493248,481,cassette,n02978881
911,imagenet_random_02585_n02892201_c0458.JPEG,0.5766854882,458,brass,n02892201
912,imagenet_random_02865_n02965783_c0475.JPEG,0.5761429071,475,car mirror,n02965783
913,imagenet_random_04771_n03109150_c0512.JPEG,0.5756958127,512,corkscrew,n03109150
914,imagenet_random_03471_n02980441_c0483.JPEG,0.5755802393,483,castle,n02980441
915,imagenet_random_02017_n02883205_c0457.JPEG,0.5753876567,457,bow tie,n02883205
916,imagenet_random_01854_n02814533_c0436.JPEG,0.5752694607,436,beach wagon,n02814533
917,imagenet_random_02613_n02860847_c0450.JPEG,0.5751180649,450,bobsled,n02860847
918,imagenet_random_01293_n02835271_c0444.JPEG,0.5749942064,444,bicycle-built-for-two,n02835271
919,imagenet_random_00153_n02692877_c0405.JPEG,0.5747528076,405,airship,n02692877
920,imagenet_random_00488_n02776631_c0415.JPEG,0.5743947625,415,bakery,n02776631
921,imagenet_random_01711_n02825657_c0442.JPEG,0.5743812323,442,bell cote,n02825657
922,imagenet_random_01351_n02823750_c0441.JPEG,0.5740716457,441,beer glass,n02823750
923,imagenet_random_03786_n02978881_c0481.JPEG,0.5737361908,481,cassette,n02978881
924,imagenet_random_04599_n03032252_c0498.JPEG,0.5734335780,498,cinema,n03032252
925,imagenet_random_03721_n02992529_c0487.JPEG,0.5734042525,487,cellular telephone,n02992529
926,imagenet_random_01492_n02840245_c0446.JPEG,0.5733869672,446,binder,n02840245
927,imagenet_random_04010_n02916936_c0465.JPEG,0.5728975534,465,bulletproof vest,n02916936
928,imagenet_random_00872_n02802426_c0430.JPEG,0.5727367401,430,basketball,n02802426
929,imagenet_random_01344_n02687172_c0403.JPEG,0.5727347136,403,aircraft carrier,n02687172
930,imagenet_random_03077_n02777292_c0416.JPEG,0.5724530816,416,balance beam,n02777292
931,imagenet_random_01823_n02782093_c0417.JPEG,0.5718465447,417,balloon,n02782093
932,imagenet_random_01389_n02834397_c0443.JPEG,0.5716264844,443,bib,n02834397
933,imagenet_random_01248_n02788148_c0421.JPEG,0.5716227293,421,bannister,n02788148
934,imagenet_random_00152_n02783161_c0418.JPEG,0.5715714097,418,ballpoint,n02783161
935,imagenet_random_00551_n02701002_c0407.JPEG,0.5715712905,407,ambulance,n02701002
936,imagenet_random_03159_n02927161_c0467.JPEG,0.5715339780,467,butcher shop,n02927161
937,imagenet_random_03600_n02966193_c0476.JPEG,0.5714488626,476,carousel,n02966193
938,imagenet_random_02121_n02892201_c0458.JPEG,0.5712170005,458,brass,n02892201
939,imagenet_random_01298_n02799071_c0429.JPEG,0.5707463026,429,baseball,n02799071
940,imagenet_random_03098_n02927161_c0467.JPEG,0.5706130266,467,butcher shop,n02927161
941,imagenet_random_00757_n02701002_c0407.JPEG,0.5701038837,407,ambulance,n02701002
942,imagenet_random_04373_n03000134_c0489.JPEG,0.5700831413,489,chainlink fence,n03000134
943,imagenet_random_01667_n02840245_c0446.JPEG,0.5698245168,446,binder,n02840245
944,imagenet_random_02785_n02951585_c0473.JPEG,0.5698149800,473,can opener,n02951585
945,imagenet_random_01021_n02807133_c0433.JPEG,0.5696024895,433,bathing cap,n02807133
946,imagenet_random_02424_n02877765_c0455.JPEG,0.5693572760,455,bottlecap,n02877765
947,imagenet_random_04075_n03026506_c0496.JPEG,0.5691214204,496,Christmas stocking,n03026506
948,imagenet_random_01132_n02790996_c0422.JPEG,0.5689055324,422,barbell,n02790996
949,imagenet_random_02502_n02892767_c0459.JPEG,0.5688278079,459,brassiere,n02892767
950,imagenet_random_01359_n02701002_c0407.JPEG,0.5687920451,407,ambulance,n02701002
951,imagenet_random_03693_n02948072_c0470.JPEG,0.5687392950,470,candle,n02948072
952,imagenet_random_00630_n02804414_c0431.JPEG,0.5685377717,431,bassinet,n02804414
953,imagenet_random_00317_n02769748_c0414.JPEG,0.5683478713,414,backpack,n02769748
954,imagenet_random_00878_n02730930_c0411.JPEG,0.5682032704,411,apron,n02730930
955,imagenet_random_02802_n02823750_c0441.JPEG,0.5681155324,441,beer glass,n02823750
956,imagenet_random_01882_n02843684_c0448.JPEG,0.5676822066,448,birdhouse,n02843684
957,imagenet_random_01946_n02815834_c0438.JPEG,0.5672972798,438,beaker,n02815834
958,imagenet_random_03735_n02965783_c0475.JPEG,0.5668048263,475,car mirror,n02965783
959,imagenet_random_02518_n02917067_c0466.JPEG,0.5667797327,466,bullet train,n02917067
960,imagenet_random_02449_n02843684_c0448.JPEG,0.5667747259,448,birdhouse,n02843684
961,imagenet_random_01678_n02869837_c0452.JPEG,0.5665930510,452,bonnet,n02869837
962,imagenet_random_00140_n02786058_c0419.JPEG,0.5662240982,419,Band Aid,n02786058
963,imagenet_random_00438_n02672831_c0401.JPEG,0.5660721660,401,accordion,n02672831
964,imagenet_random_02210_n02909870_c0463.JPEG,0.5657619238,463,bucket,n02909870
965,imagenet_random_00198_n02699494_c0406.JPEG,0.5657280684,406,altar,n02699494
966,imagenet_random_03272_n02917067_c0466.JPEG,0.5656878948,466,bullet train,n02917067
967,imagenet_random_02467_n02840245_c0446.JPEG,0.5654811263,446,binder,n02840245
968,imagenet_random_04874_n03126707_c0517.JPEG,0.5650361180,517,crane,n03126707
969,imagenet_random_00778_n02808304_c0434.JPEG,0.5650125742,434,bath towel,n02808304
970,imagenet_random_03904_n02870880_c0453.JPEG,0.5650046468,453,bookcase,n02870880
971,imagenet_random_04386_n03000684_c0491.JPEG,0.5649659038,491,chain saw,n03000684
972,imagenet_random_03698_n03000684_c0491.JPEG,0.5646474361,491,chain saw,n03000684
973,imagenet_random_00480_n02692877_c0405.JPEG,0.5645738244,405,airship,n02692877
974,imagenet_random_04530_n03000247_c0490.JPEG,0.5642420650,490,chain mail,n03000247
975,imagenet_random_01558_n02825657_c0442.JPEG,0.5641661882,442,bell cote,n02825657
976,imagenet_random_03512_n02992529_c0487.JPEG,0.5639731884,487,cellular telephone,n02992529
977,imagenet_random_03785_n02917067_c0466.JPEG,0.5636405349,466,bullet train,n02917067
978,imagenet_random_03767_n03000134_c0489.JPEG,0.5635538697,489,chainlink fence,n03000134
979,imagenet_random_04742_n02843684_c0448.JPEG,0.5634384751,448,birdhouse,n02843684
980,imagenet_random_01959_n02840245_c0446.JPEG,0.5632043481,446,binder,n02840245
981,imagenet_random_04572_n03062245_c0503.JPEG,0.5631397963,503,cocktail shaker,n03062245
982,imagenet_random_00943_n02708093_c0409.JPEG,0.5630830526,409,analog clock,n02708093
983,imagenet_random_00605_n02804414_c0431.JPEG,0.5630320907,431,bassinet,n02804414
984,imagenet_random_04829_n02823428_c0440.JPEG,0.5629505515,440,beer bottle,n02823428
985,imagenet_random_00935_n02788148_c0421.JPEG,0.5628427267,421,bannister,n02788148
986,imagenet_random_04004_n02971356_c0478.JPEG,0.5627739429,478,carton,n02971356
987,imagenet_random_03276_n02892767_c0459.JPEG,0.5626246333,459,brassiere,n02892767
988,imagenet_random_02041_n02782093_c0417.JPEG,0.5626152158,417,balloon,n02782093
989,imagenet_random_00932_n02692877_c0405.JPEG,0.5624794364,405,airship,n02692877
990,imagenet_random_03880_n03028079_c0497.JPEG,0.5624135137,497,church,n03028079
991,imagenet_random_04728_n03018349_c0495.JPEG,0.5623978972,495,china cabinet,n03018349
992,imagenet_random_00641_n02794156_c0426.JPEG,0.5621902943,426,barometer,n02794156
993,imagenet_random_02250_n02797295_c0428.JPEG,0.5621724725,428,barrow,n02797295
994,imagenet_random_01485_n02782093_c0417.JPEG,0.5618408322,417,balloon,n02782093
995,imagenet_random_02580_n02930766_c0468.JPEG,0.5615664124,468,cab,n02930766
996,imagenet_random_02874_n02950826_c0471.JPEG,0.5615082383,471,cannon,n02950826
997,imagenet_random_04654_n03095699_c0510.JPEG,0.5614864230,510,container ship,n03095699
998,imagenet_random_00809_n02787622_c0420.JPEG,0.5612820983,420,banjo,n02787622
999,imagenet_random_02732_n02951585_c0473.JPEG,0.5609741211,473,can opener,n02951585
1000,imagenet_random_00091_n02777292_c0416.JPEG,0.5609363317,416,balance beam,n02777292
